#usda 1.0
(
    doc = "Native biped Body/Facial artwork adapted from usdRig examples/biped. Selection slots map by side and anatomical role to Ellie source controls. Additional source controls are authored in collection pages."
)

def RigExecPicker "Template"
{
    def RigExecPickerPanel "Body"
    {
        uniform color4f ui:background = (0.26666668, 0.26666668, 0.26666668, 1)
        uniform string ui:label = "Body"
        uniform int ui:order = 0
        uniform float2 ui:size = (400, 600)

        def RigExecPickerButton "d_selectButton417918"
        {
            custom rel rigExec:picker:mirror = </Template/Body/d_selectButton417917>
            uniform float2[] ui:bezier = [(101, 20.9762), (101, 20.9762), (101, 20.9762), (78.0399, 17.9012), (70.0449, 15.0312), (86.0349, 20.7712), (59.5898, 1.09111), (59.5898, 1.09111), (59.5898, 1.09111), (51.7998, 1.09111), (51.7998, 1.09111), (51.7998, 1.09111), (45.8547, 3.55112), (43.5997, 6.83114), (48.1097, 0.271108), (44.0097, 12.7762), (44.0097, 12.5712), (44.0097, 12.9812), (43.1897, 141.927), (43.1897, 141.927), (43.1897, 141.927), (15.1046, 151.972), (15.1046, 151.972), (15.1046, 151.972), (2.18953, 159.352), (-1.27774, 164.421), (5.11353, 155.077), (0.139516, 184.977), (0.139516, 184.977), (0.139516, 184.977), (99.36, 183.337), (99.36, 183.337), (99.36, 183.337)]
            uniform float ui:depth = -0.0011
            uniform color4f ui:fill = (0.8, 0.8, 0.8, 0.2)
            uniform float2 ui:position = (105, 256)
            uniform token ui:shape = "bezier"
            uniform float2 ui:size = (102, 184)
            uniform color4f ui:stroke = (0.12156863, 0.12156863, 0.12156863, 0.4509804)
            uniform color4f ui:valueColor = (0.92156863, 0.92156863, 0.92156863, 1)
        }

        def RigExecPickerButton "d_selectButton417917"
        {
            custom rel rigExec:picker:mirror = </Template/Body/d_selectButton417918>
            uniform float2[] ui:bezier = [(1, 20.9762), (1, 20.9762), (1, 20.9762), (23.9601, 17.9012), (31.9551, 15.0312), (15.9651, 20.7712), (42.4102, 1.09111), (42.4102, 1.09111), (42.4102, 1.09111), (50.2002, 1.09111), (50.2002, 1.09111), (50.2002, 1.09111), (56.1453, 3.55112), (58.4003, 6.83114), (53.8903, 0.271108), (57.9903, 12.7762), (57.9903, 12.5712), (57.9903, 12.9812), (58.8103, 141.927), (58.8103, 141.927), (58.8103, 141.927), (86.8954, 151.972), (86.8954, 151.972), (86.8954, 151.972), (99.8105, 159.352), (103.278, 164.421), (96.8865, 155.077), (101.86, 184.977), (101.86, 184.977), (101.86, 184.977), (2.64001, 183.337), (2.64001, 183.337), (2.64001, 183.337)]
            uniform float ui:depth = -0.0011
            uniform color4f ui:fill = (0.8, 0.8, 0.8, 0.2)
            uniform float2 ui:position = (210, 256)
            uniform token ui:shape = "bezier"
            uniform float2 ui:size = (102, 184)
            uniform color4f ui:stroke = (0.12156863, 0.12156863, 0.12156863, 0.4509804)
            uniform color4f ui:valueColor = (0.92156863, 0.92156863, 0.92156863, 1)
        }

        def RigExecPickerButton "d_selectButton417916"
        {
            custom rel rigExec:picker:mirror = </Template/Body/d_selectButton417915>
            uniform float2[] ui:bezier = [(44.8476, 4.68956), (32.4251, 4.57937), (57.5504, 4.80224), (27.1482, 1.30062), (27.1482, 1.30062), (27.1482, 1.30062), (8.50849, 16.5386), (2.98783, 21.8989), (16.2211, 9.04974), (1.03947, 38.1989), (1.0809, 52.7288), (0.998041, 23.669), (1.0225, 62.8232), (1.0225, 62.8232), (1.0225, 62.8232), (4.63181, 69.9177), (8.82537, 72.1722), (0.487864, 67.6899), (18.1184, 73.4682), (22.0522, 77.1597), (13.7196, 69.3406), (22.3803, 86.8009), (27.3147, 92.1119), (17.8433, 81.9179), (51.6796, 91.1832), (70.9668, 91.2232), (32.3923, 91.1433), (85.4644, 87.4082), (89.8524, 82.437), (80.6154, 92.9016), (89.0372, 50.0058), (88.5271, 29.6639), (89.5471, 70.3477), (84.9045, 19.771), (78.4754, 5.24099), (89.1352, 29.3323), (62.0422, 1), (62.0422, 1), (62.0422, 1)]
            uniform float ui:depth = -0.001
            uniform color4f ui:fill = (0.8980392, 0.8980392, 0.8980392, 0.24705882)
            uniform float2 ui:position = (315, 167)
            uniform token ui:shape = "bezier"
            uniform float2 ui:size = (89, 91)
            uniform color4f ui:stroke = (0.12156863, 0.12156863, 0.12156863, 1)
            uniform color4f ui:valueColor = (0.92156863, 0.92156863, 0.92156863, 1)
        }

        def RigExecPickerButton "d_selectButton417915"
        {
            custom rel rigExec:picker:mirror = </Template/Body/d_selectButton417916>
            uniform float2[] ui:bezier = [(44.1371, 4.68956), (56.5596, 4.57937), (31.4343, 4.80224), (61.8365, 1.30062), (61.8365, 1.30062), (61.8365, 1.30062), (80.4762, 16.5386), (85.9968, 21.8989), (72.7636, 9.04974), (87.9452, 38.1989), (87.9038, 52.7288), (87.9867, 23.669), (87.9622, 62.8232), (87.9622, 62.8232), (87.9622, 62.8232), (84.3529, 69.9177), (80.1594, 72.1722), (88.4968, 67.6899), (70.8663, 73.4682), (66.9325, 77.1597), (75.2651, 69.3406), (66.6045, 86.8009), (61.67, 92.1119), (71.1414, 81.9179), (37.3051, 91.1832), (18.0179, 91.2232), (56.5924, 91.1433), (3.52037, 87.4082), (-0.867678, 82.437), (8.36932, 92.9016), (-0.0524005, 50.0058), (0.457662, 29.6639), (-0.56236, 70.3477), (4.0802, 19.771), (10.5093, 5.24099), (-0.150468, 29.3323), (26.9425, 1), (26.9425, 1), (26.9425, 1)]
            uniform float ui:depth = -0.001
            uniform color4f ui:fill = (0.8980392, 0.8980392, 0.8980392, 0.24705882)
            uniform float2 ui:position = (13, 167)
            uniform token ui:shape = "bezier"
            uniform float2 ui:size = (89, 91)
            uniform color4f ui:stroke = (0.12156863, 0.12156863, 0.12156863, 1)
            uniform color4f ui:valueColor = (0.92156863, 0.92156863, 0.92156863, 1)
        }

        def RigExecPickerButton "d_selectButton417914"
        {
            custom rel rigExec:picker:mirror = </Template/Body/d_selectButton417913>
            uniform float2[] ui:bezier = [(1.03692, 31.9693), (1.03692, 31.9693), (1.03692, 31.9693), (1, 7.68561), (1, 7.68561), (1, 7.68561), (22.2125, 2.36504), (37.5485, 2.86622), (10.256, 1.97431), (115.801, 3.33464), (115.801, 3.33464), (115.801, 3.33464), (150.706, 10.0122), (158.621, 21.9602), (140.715, -5.06936), (135.55, 50.0526), (123.812, 50.2518), (153.62, 49.7458), (115.04, 46.9431), (115.04, 46.6924), (115.04, 47.1937), (18.5263, 46.8449), (18.5263, 46.8449), (18.5263, 46.8449)]
            uniform float ui:depth = -0.0009
            uniform color4f ui:fill = (0.8980392, 0.8980392, 0.8980392, 0.24705882)
            uniform float2 ui:position = (226, 116)
            uniform token ui:shape = "bezier"
            uniform float2 ui:size = (154, 50)
            uniform color4f ui:stroke = (0.12156863, 0.12156863, 0.12156863, 1)
            uniform color4f ui:valueColor = (0.92156863, 0.92156863, 0.92156863, 1)
        }

        def RigExecPickerButton "d_selectButton417913"
        {
            custom rel rigExec:picker:mirror = </Template/Body/d_selectButton417914>
            uniform float2[] ui:bezier = [(152.963, 31.9693), (152.963, 31.9693), (152.963, 31.9693), (153, 7.68561), (153, 7.68561), (153, 7.68561), (131.787, 2.36504), (116.451, 2.86622), (143.744, 1.97431), (38.1995, 3.33464), (38.1995, 3.33464), (38.1995, 3.33464), (3.294, 10.0122), (-4.62145, 21.9602), (13.2854, -5.06936), (18.4504, 50.0526), (30.1877, 50.2518), (0.379958, 49.7458), (38.9605, 46.9431), (38.9605, 46.6924), (38.9605, 47.1937), (135.474, 46.8449), (135.474, 46.8449), (135.474, 46.8449)]
            uniform float ui:depth = -0.0009
            uniform color4f ui:fill = (0.8980392, 0.8980392, 0.8980392, 0.24705882)
            uniform float2 ui:position = (37, 116)
            uniform token ui:shape = "bezier"
            uniform float2 ui:size = (154, 50)
            uniform color4f ui:stroke = (0.12156863, 0.12156863, 0.12156863, 1)
            uniform color4f ui:valueColor = (0.92156863, 0.92156863, 0.92156863, 1)
        }

        def RigExecPickerButton "d_selectButton417912"
        {
            uniform float2[] ui:bezier = [(53.0617, 1), (26.8933, 1), (79.2302, 1), (2.15877, 36.1302), (-6.7248, 72.2911), (6.59151, 18.0865), (38.3859, 74.3895), (38.3859, 74.3895), (38.3859, 74.3895), (38.3698, 109.226), (38.3698, 109.226), (38.3698, 109.226), (14.2834, 129.528), (8.06981, 137.565), (21.4452, 120.265), (6.10195, 171.274), (5.19704, 194.953), (6.54, 159.811), (13.87, 220.02), (24.2437, 230.254), (6.90474, 213.148), (53.0617, 231.5), (68.476, 231.5), (37.6475, 231.5), (93.0759, 220.845), (99.7336, 214.283), (84.26, 229.534), (101.692, 173.089), (101.653, 156.942), (101.744, 194.953), (95.3646, 128.257), (89.1765, 120.926), (102.025, 136.148), (72.1889, 108.663), (72.1889, 108.663), (72.1889, 108.663), (72.5474, 74.0358), (72.5474, 74.0358), (72.5474, 74.0358), (104.557, 34.101), (99.2455, 14.9976), (115.709, 74.2116)]
            uniform float ui:depth = -0.0008
            uniform color4f ui:fill = (0.8980392, 0.8980392, 0.8980392, 0.24705882)
            uniform float2 ui:position = (153, 40)
            uniform token ui:shape = "bezier"
            uniform float2 ui:size = (106, 231)
            uniform color4f ui:stroke = (0.12156863, 0.12156863, 0.12156863, 1)
            uniform color4f ui:valueColor = (0.92156863, 0.92156863, 0.92156863, 1)
        }

        def RigExecPickerButton "b_M_Head" (
            customData = {
                dictionary blender = {
                    string[] controlNames = ["FK-Head"]
                }
            }
        )
        {
            uniform float ui:depth = -0.0007
            uniform color4f ui:fill = (0.28235295, 0.5921569, 0.88235295, 1)
            uniform float2[] ui:polygon = [(40.9822, 1), (33.4588, 1.69958), (24.3754, 4.16574), (14.8779, 10.7052), (6.88614, 20.2627), (3.83007, 28.1067), (1, 37.489), (1.10055, 48.3432), (2.497, 59.4208), (78.2736, 59.7977), (80.0169, 50.3228), (80.7643, 38.9899), (78.3482, 29.2065), (75.1471, 20.8856), (67.1973, 9.79944), (57.754, 3.87336), (47.6286, 1.47962)]
            uniform float2 ui:position = (167, 47)
            uniform float ui:roundness = 2
            uniform token ui:shape = "polygon"
            uniform float2 ui:size = (80, 59)
            uniform color4f ui:stroke = (0.12156863, 0.12156863, 0.12156863, 1)
            uniform color4f ui:valueColor = (0.92156863, 0.92156863, 0.92156863, 1)
        }

        def RigExecPickerButton "b_M_Look" (
            customData = {
                dictionary blender = {
                    string[] controlNames = ["MSTR-TGT-Eyes"]
                }
            }
        )
        {
            uniform float ui:depth = -0.0006
            uniform color4f ui:fill = (0.6, 1, 0.4, 1)
            uniform float2 ui:position = (174, 63)
            uniform token ui:shape = "roundedRectangle"
            uniform float2 ui:size = (68, 26)
            uniform color4f ui:stroke = (0.09803922, 0.09803922, 0.09803922, 0.4509804)
            uniform color4f ui:valueColor = (0.92156863, 0.92156863, 0.92156863, 1)
        }

        def RigExecPickerButton "b_M_HeadGimbal" (
            customData = {
                dictionary blender = {
                    bool unavailable = 1
                    string unsupportedReason = "No corresponding source control for this template slot"
                }
            }
        )
        {
            uniform color4f ui:fill = (0.24, 0.24, 0.24, 0.35)
            uniform float2 ui:position = (250, 60)
            uniform token ui:shape = "ellipse"
            uniform float2 ui:size = (15, 15)
            uniform color4f ui:stroke = (0.12156863, 0.12156863, 0.12156863, 1)
            uniform color4f ui:valueColor = (0.92156863, 0.92156863, 0.92156863, 1)
        }

        def RigExecPickerButton "b_M_Skull" (
            customData = {
                dictionary blender = {
                    string[] controlNames = ["FK-Head_Top"]
                }
            }
        )
        {
            uniform float ui:depth = 0.0001
            uniform color4f ui:fill = (0.28235295, 0.5921569, 0.88235295, 1)
            uniform float2 ui:position = (171, 45)
            uniform token ui:shape = "circle"
            uniform float2 ui:size = (73, 12)
            uniform color4f ui:stroke = (0.12156863, 0.12156863, 0.12156863, 1)
            uniform color4f ui:valueColor = (0.92156863, 0.92156863, 0.92156863, 1)
        }

        def RigExecPickerButton "t_Zero_Ctrls" (
            customData = {
                dictionary blender = {
                    bool unavailable = 1
                    string unsupportedReason = "No corresponding source control for this template slot"
                }
            }
        )
        {
            uniform float ui:depth = 0.0003
            uniform color4f ui:fill = (0.24, 0.24, 0.24, 0.35)
            uniform float ui:fontSize = 10
            uniform float2 ui:position = (34, 465)
            uniform float ui:roundness = 3
            uniform token ui:shape = "rectangle"
            uniform float2 ui:size = (59, 17)
            uniform color4f ui:stroke = (0.12156863, 0.12156863, 0.12156863, 1)
            uniform string ui:text = "Zero Ctrls (unavailable)"
            uniform color4f ui:textColor = (0.5, 0.5, 0.5, 0.5)
            uniform color4f ui:valueColor = (0.92156863, 0.92156863, 0.92156863, 1)
        }

        def RigExecPickerButton "t_Ctrl_Vis" (
            customData = {
                dictionary blender = {
                    bool unavailable = 1
                    string unsupportedReason = "No corresponding source control for this template slot"
                }
            }
        )
        {
            uniform float ui:depth = 0.0003
            uniform color4f ui:fill = (0.24, 0.24, 0.24, 0.35)
            uniform float ui:fontSize = 10
            uniform float2 ui:position = (34, 486)
            uniform float ui:roundness = 3
            uniform token ui:shape = "rectangle"
            uniform float2 ui:size = (59, 17)
            uniform color4f ui:stroke = (0.12156863, 0.12156863, 0.12156863, 1)
            uniform string ui:text = "Ctrl Vis (unavailable)"
            uniform color4f ui:textColor = (0.5, 0.5, 0.5, 0.5)
            uniform color4f ui:valueColor = (0.92156863, 0.92156863, 0.92156863, 1)
        }

        def RigExecPickerButton "b_L_ThumbBase" (
            customData = {
                dictionary blender = {
                    string[] controlNames = ["FK-Finger_Thumb1.L"]
                }
            }
        )
        {
            custom rel rigExec:picker:mirror = </Template/Body/b_R_ThumbBase>
            uniform float ui:depth = 0.0018
            uniform color4f ui:fill = (0.60784316, 0.7176471, 0.8392157, 1)
            uniform float2 ui:position = (320, 187)
            uniform float ui:roundness = 2
            uniform token ui:shape = "rectangle"
            uniform float2 ui:size = (12, 11)
            uniform color4f ui:stroke = (0.12156863, 0.12156863, 0.12156863, 1)
            uniform color4f ui:valueColor = (0.92156863, 0.92156863, 0.92156863, 1)
        }

        def RigExecPickerButton "b_R_ThumbBase" (
            customData = {
                dictionary blender = {
                    string[] controlNames = ["FK-Finger_Thumb1.R"]
                }
            }
        )
        {
            custom rel rigExec:picker:mirror = </Template/Body/b_L_ThumbBase>
            uniform float ui:depth = 0.0018
            uniform color4f ui:fill = (0.60784316, 0.7176471, 0.8392157, 1)
            uniform float2 ui:position = (85, 187)
            uniform float ui:roundness = 2
            uniform token ui:shape = "rectangle"
            uniform float2 ui:size = (12, 11)
            uniform color4f ui:stroke = (0.12156863, 0.12156863, 0.12156863, 1)
            uniform color4f ui:valueColor = (0.92156863, 0.92156863, 0.92156863, 1)
        }

        def RigExecPickerButton "b_R_ThumbMeta" (
            customData = {
                dictionary blender = {
                    bool unavailable = 1
                    string unsupportedReason = "No corresponding source control for this template slot"
                }
            }
        )
        {
            custom rel rigExec:picker:mirror = </Template/Body/b_L_ThumbMeta>
            uniform float ui:depth = 0.0019
            uniform color4f ui:fill = (0.24, 0.24, 0.24, 0.35)
            uniform float2 ui:position = (77, 175)
            uniform token ui:shape = "circle"
            uniform float2 ui:size = (10, 10)
            uniform color4f ui:stroke = (0.12156863, 0.12156863, 0.12156863, 1)
            uniform color4f ui:valueColor = (0.92156863, 0.92156863, 0.92156863, 1)
        }

        def RigExecPickerButton "b_R_ThumbMid" (
            customData = {
                dictionary blender = {
                    string[] controlNames = ["FK-Finger_Thumb2.R"]
                }
            }
        )
        {
            custom rel rigExec:picker:mirror = </Template/Body/b_L_ThumbMid>
            uniform float ui:depth = 0.0019
            uniform color4f ui:fill = (0.28235295, 0.5921569, 0.88235295, 1)
            uniform float2 ui:position = (85, 200)
            uniform float ui:roundness = 2
            uniform token ui:shape = "rectangle"
            uniform float2 ui:size = (12, 11)
            uniform color4f ui:stroke = (0.12156863, 0.12156863, 0.12156863, 1)
            uniform color4f ui:valueColor = (0.92156863, 0.92156863, 0.92156863, 1)
        }

        def RigExecPickerButton "b_L_ThumbMid" (
            customData = {
                dictionary blender = {
                    string[] controlNames = ["FK-Finger_Thumb2.L"]
                }
            }
        )
        {
            custom rel rigExec:picker:mirror = </Template/Body/b_R_ThumbMid>
            uniform float ui:depth = 0.0019
            uniform color4f ui:fill = (0.28235295, 0.5921569, 0.88235295, 1)
            uniform float2 ui:position = (320, 200)
            uniform float ui:roundness = 2
            uniform token ui:shape = "rectangle"
            uniform float2 ui:size = (12, 11)
            uniform color4f ui:stroke = (0.12156863, 0.12156863, 0.12156863, 1)
            uniform color4f ui:valueColor = (0.92156863, 0.92156863, 0.92156863, 1)
        }

        def RigExecPickerButton "b_L_ThumbMeta" (
            customData = {
                dictionary blender = {
                    bool unavailable = 1
                    string unsupportedReason = "No corresponding source control for this template slot"
                }
            }
        )
        {
            custom rel rigExec:picker:mirror = </Template/Body/b_R_ThumbMeta>
            uniform float ui:depth = 0.0019
            uniform color4f ui:fill = (0.24, 0.24, 0.24, 0.35)
            uniform float2 ui:position = (332, 175)
            uniform token ui:shape = "circle"
            uniform float2 ui:size = (10, 10)
            uniform color4f ui:stroke = (0.12156863, 0.12156863, 0.12156863, 1)
            uniform color4f ui:valueColor = (0.92156863, 0.92156863, 0.92156863, 1)
        }

        def RigExecPickerButton "b_L_ThumbTip" (
            customData = {
                dictionary blender = {
                    string[] controlNames = ["FK-Finger_Thumb3.L"]
                }
            }
        )
        {
            custom rel rigExec:picker:mirror = </Template/Body/b_R_ThumbTip>
            uniform float ui:depth = 0.002
            uniform color4f ui:fill = (0.28235295, 0.5921569, 0.88235295, 1)
            uniform float2 ui:position = (320, 214)
            uniform float ui:roundness = 2
            uniform token ui:shape = "rectangle"
            uniform float2 ui:size = (12, 11)
            uniform color4f ui:stroke = (0.12156863, 0.12156863, 0.12156863, 1)
            uniform color4f ui:valueColor = (0.92156863, 0.92156863, 0.92156863, 1)
        }

        def RigExecPickerButton "b_R_ThumbTip" (
            customData = {
                dictionary blender = {
                    string[] controlNames = ["FK-Finger_Thumb3.R"]
                }
            }
        )
        {
            custom rel rigExec:picker:mirror = </Template/Body/b_L_ThumbTip>
            uniform float ui:depth = 0.002
            uniform color4f ui:fill = (0.28235295, 0.5921569, 0.88235295, 1)
            uniform float2 ui:position = (85, 214)
            uniform float ui:roundness = 2
            uniform token ui:shape = "rectangle"
            uniform float2 ui:size = (12, 11)
            uniform color4f ui:stroke = (0.12156863, 0.12156863, 0.12156863, 1)
            uniform color4f ui:valueColor = (0.92156863, 0.92156863, 0.92156863, 1)
        }

        def RigExecPickerButton "b_L_PinkyMeta" (
            customData = {
                dictionary blender = {
                    string[] controlNames = ["FK-Finger_Pinky_Carpal.L"]
                }
            }
        )
        {
            custom rel rigExec:picker:mirror = </Template/Body/b_R_PinkyMeta>
            uniform float ui:depth = 0.0022
            uniform color4f ui:fill = (0.60784316, 0.7176471, 0.8392157, 1)
            uniform float2 ui:position = (377, 199)
            uniform float ui:roundness = 2
            uniform token ui:shape = "rectangle"
            uniform float2 ui:size = (12, 11)
            uniform color4f ui:stroke = (0.12156863, 0.12156863, 0.12156863, 1)
            uniform color4f ui:valueColor = (0.92156863, 0.92156863, 0.92156863, 1)
        }

        def RigExecPickerButton "b_R_PinkyMeta" (
            customData = {
                dictionary blender = {
                    string[] controlNames = ["FK-Finger_Pinky_Carpal.R"]
                }
            }
        )
        {
            custom rel rigExec:picker:mirror = </Template/Body/b_L_PinkyMeta>
            uniform float ui:depth = 0.0022
            uniform color4f ui:fill = (0.60784316, 0.7176471, 0.8392157, 1)
            uniform float2 ui:position = (28, 199)
            uniform float ui:roundness = 2
            uniform token ui:shape = "rectangle"
            uniform float2 ui:size = (12, 11)
            uniform color4f ui:stroke = (0.12156863, 0.12156863, 0.12156863, 1)
            uniform color4f ui:valueColor = (0.92156863, 0.92156863, 0.92156863, 1)
        }

        def RigExecPickerButton "b_L_PinkyBase" (
            customData = {
                dictionary blender = {
                    string[] controlNames = ["FK-Finger_Pinky1.L"]
                }
            }
        )
        {
            custom rel rigExec:picker:mirror = </Template/Body/b_R_PinkyBase>
            uniform float ui:depth = 0.0023
            uniform color4f ui:fill = (0.28235295, 0.5921569, 0.88235295, 1)
            uniform float2 ui:position = (377, 210)
            uniform float ui:roundness = 2
            uniform token ui:shape = "rectangle"
            uniform float2 ui:size = (12, 11)
            uniform color4f ui:stroke = (0.12156863, 0.12156863, 0.12156863, 1)
            uniform color4f ui:valueColor = (0.92156863, 0.92156863, 0.92156863, 1)
        }

        def RigExecPickerButton "b_L_PinkyCup" (
            customData = {
                dictionary blender = {
                    bool unavailable = 1
                    string unsupportedReason = "No corresponding source control for this template slot"
                }
            }
        )
        {
            custom rel rigExec:picker:mirror = </Template/Body/b_R_PinkyCup>
            uniform float ui:depth = 0.0023
            uniform color4f ui:fill = (0.24, 0.24, 0.24, 0.35)
            uniform float2 ui:position = (360, 180)
            uniform token ui:shape = "circle"
            uniform float2 ui:size = (10, 10)
            uniform color4f ui:stroke = (0.12156863, 0.12156863, 0.12156863, 1)
            uniform color4f ui:valueColor = (0.92156863, 0.92156863, 0.92156863, 1)
        }

        def RigExecPickerButton "b_R_PinkyBase" (
            customData = {
                dictionary blender = {
                    string[] controlNames = ["FK-Finger_Pinky1.R"]
                }
            }
        )
        {
            custom rel rigExec:picker:mirror = </Template/Body/b_L_PinkyBase>
            uniform float ui:depth = 0.0023
            uniform color4f ui:fill = (0.28235295, 0.5921569, 0.88235295, 1)
            uniform float2 ui:position = (28, 210)
            uniform float ui:roundness = 2
            uniform token ui:shape = "rectangle"
            uniform float2 ui:size = (12, 11)
            uniform color4f ui:stroke = (0.12156863, 0.12156863, 0.12156863, 1)
            uniform color4f ui:valueColor = (0.92156863, 0.92156863, 0.92156863, 1)
        }

        def RigExecPickerButton "b_L_RingMeta" (
            customData = {
                dictionary blender = {
                    string[] controlNames = ["FK-Finger_Ring_Carpal.L"]
                }
            }
        )
        {
            custom rel rigExec:picker:mirror = </Template/Body/b_R_RingMeta>
            uniform float ui:depth = 0.0023
            uniform color4f ui:fill = (0.60784316, 0.7176471, 0.8392157, 1)
            uniform float2 ui:position = (364, 199)
            uniform float ui:roundness = 2
            uniform token ui:shape = "rectangle"
            uniform float2 ui:size = (12, 11)
            uniform color4f ui:stroke = (0.12156863, 0.12156863, 0.12156863, 1)
            uniform color4f ui:valueColor = (0.92156863, 0.92156863, 0.92156863, 1)
        }

        def RigExecPickerButton "b_R_RingMeta" (
            customData = {
                dictionary blender = {
                    string[] controlNames = ["FK-Finger_Ring_Carpal.R"]
                }
            }
        )
        {
            custom rel rigExec:picker:mirror = </Template/Body/b_L_RingMeta>
            uniform float ui:depth = 0.0023
            uniform color4f ui:fill = (0.60784316, 0.7176471, 0.8392157, 1)
            uniform float2 ui:position = (41, 199)
            uniform float ui:roundness = 2
            uniform token ui:shape = "rectangle"
            uniform float2 ui:size = (12, 11)
            uniform color4f ui:stroke = (0.12156863, 0.12156863, 0.12156863, 1)
            uniform color4f ui:valueColor = (0.92156863, 0.92156863, 0.92156863, 1)
        }

        def RigExecPickerButton "b_R_PinkyCup" (
            customData = {
                dictionary blender = {
                    bool unavailable = 1
                    string unsupportedReason = "No corresponding source control for this template slot"
                }
            }
        )
        {
            custom rel rigExec:picker:mirror = </Template/Body/b_L_PinkyCup>
            uniform float ui:depth = 0.0023
            uniform color4f ui:fill = (0.24, 0.24, 0.24, 0.35)
            uniform float2 ui:position = (49, 180)
            uniform token ui:shape = "circle"
            uniform float2 ui:size = (10, 10)
            uniform color4f ui:stroke = (0.12156863, 0.12156863, 0.12156863, 1)
            uniform color4f ui:valueColor = (0.92156863, 0.92156863, 0.92156863, 1)
        }

        def RigExecPickerButton "b_R_RingBase" (
            customData = {
                dictionary blender = {
                    string[] controlNames = ["FK-Finger_Ring1.R"]
                }
            }
        )
        {
            custom rel rigExec:picker:mirror = </Template/Body/b_L_RingBase>
            uniform float ui:depth = 0.0024
            uniform color4f ui:fill = (0.28235295, 0.5921569, 0.88235295, 1)
            uniform float2 ui:position = (41, 210)
            uniform float ui:roundness = 2
            uniform token ui:shape = "rectangle"
            uniform float2 ui:size = (12, 11)
            uniform color4f ui:stroke = (0.12156863, 0.12156863, 0.12156863, 1)
            uniform color4f ui:valueColor = (0.92156863, 0.92156863, 0.92156863, 1)
        }

        def RigExecPickerButton "b_R_PinkyMid" (
            customData = {
                dictionary blender = {
                    string[] controlNames = ["FK-Finger_Pinky2.R"]
                }
            }
        )
        {
            custom rel rigExec:picker:mirror = </Template/Body/b_L_PinkyMid>
            uniform float ui:depth = 0.0024
            uniform color4f ui:fill = (0.28235295, 0.5921569, 0.88235295, 1)
            uniform float2 ui:position = (28, 221)
            uniform float ui:roundness = 2
            uniform token ui:shape = "rectangle"
            uniform float2 ui:size = (12, 11)
            uniform color4f ui:stroke = (0.12156863, 0.12156863, 0.12156863, 1)
            uniform color4f ui:valueColor = (0.92156863, 0.92156863, 0.92156863, 1)
        }

        def RigExecPickerButton "b_L_PinkyMid" (
            customData = {
                dictionary blender = {
                    string[] controlNames = ["FK-Finger_Pinky2.L"]
                }
            }
        )
        {
            custom rel rigExec:picker:mirror = </Template/Body/b_R_PinkyMid>
            uniform float ui:depth = 0.0024
            uniform color4f ui:fill = (0.28235295, 0.5921569, 0.88235295, 1)
            uniform float2 ui:position = (377, 221)
            uniform float ui:roundness = 2
            uniform token ui:shape = "rectangle"
            uniform float2 ui:size = (12, 11)
            uniform color4f ui:stroke = (0.12156863, 0.12156863, 0.12156863, 1)
            uniform color4f ui:valueColor = (0.92156863, 0.92156863, 0.92156863, 1)
        }

        def RigExecPickerButton "b_L_RingBase" (
            customData = {
                dictionary blender = {
                    string[] controlNames = ["FK-Finger_Ring1.L"]
                }
            }
        )
        {
            custom rel rigExec:picker:mirror = </Template/Body/b_R_RingBase>
            uniform float ui:depth = 0.0024
            uniform color4f ui:fill = (0.28235295, 0.5921569, 0.88235295, 1)
            uniform float2 ui:position = (364, 210)
            uniform float ui:roundness = 2
            uniform token ui:shape = "rectangle"
            uniform float2 ui:size = (12, 11)
            uniform color4f ui:stroke = (0.12156863, 0.12156863, 0.12156863, 1)
            uniform color4f ui:valueColor = (0.92156863, 0.92156863, 0.92156863, 1)
        }

        def RigExecPickerButton "b_R_RingMid" (
            customData = {
                dictionary blender = {
                    string[] controlNames = ["FK-Finger_Ring2.R"]
                }
            }
        )
        {
            custom rel rigExec:picker:mirror = </Template/Body/b_L_RingMid>
            uniform float ui:depth = 0.0025
            uniform color4f ui:fill = (0.28235295, 0.5921569, 0.88235295, 1)
            uniform float2 ui:position = (41, 221)
            uniform float ui:roundness = 2
            uniform token ui:shape = "rectangle"
            uniform float2 ui:size = (12, 11)
            uniform color4f ui:stroke = (0.12156863, 0.12156863, 0.12156863, 1)
            uniform color4f ui:valueColor = (0.92156863, 0.92156863, 0.92156863, 1)
        }

        def RigExecPickerButton "b_L_RingMid" (
            customData = {
                dictionary blender = {
                    string[] controlNames = ["FK-Finger_Ring2.L"]
                }
            }
        )
        {
            custom rel rigExec:picker:mirror = </Template/Body/b_R_RingMid>
            uniform float ui:depth = 0.0025
            uniform color4f ui:fill = (0.28235295, 0.5921569, 0.88235295, 1)
            uniform float2 ui:position = (364, 221)
            uniform float ui:roundness = 2
            uniform token ui:shape = "rectangle"
            uniform float2 ui:size = (12, 11)
            uniform color4f ui:stroke = (0.12156863, 0.12156863, 0.12156863, 1)
            uniform color4f ui:valueColor = (0.92156863, 0.92156863, 0.92156863, 1)
        }

        def RigExecPickerButton "b_L_PinkyTip" (
            customData = {
                dictionary blender = {
                    string[] controlNames = ["FK-Finger_Pinky3.L"]
                }
            }
        )
        {
            custom rel rigExec:picker:mirror = </Template/Body/b_R_PinkyTip>
            uniform float ui:depth = 0.0025
            uniform color4f ui:fill = (0.28235295, 0.5921569, 0.88235295, 1)
            uniform float2 ui:position = (377, 232)
            uniform float ui:roundness = 2
            uniform token ui:shape = "rectangle"
            uniform float2 ui:size = (12, 11)
            uniform color4f ui:stroke = (0.12156863, 0.12156863, 0.12156863, 1)
            uniform color4f ui:valueColor = (0.92156863, 0.92156863, 0.92156863, 1)
        }

        def RigExecPickerButton "b_R_PinkyTip" (
            customData = {
                dictionary blender = {
                    string[] controlNames = ["FK-Finger_Pinky3.R"]
                }
            }
        )
        {
            custom rel rigExec:picker:mirror = </Template/Body/b_L_PinkyTip>
            uniform float ui:depth = 0.0025
            uniform color4f ui:fill = (0.28235295, 0.5921569, 0.88235295, 1)
            uniform float2 ui:position = (28, 232)
            uniform float ui:roundness = 2
            uniform token ui:shape = "rectangle"
            uniform float2 ui:size = (12, 11)
            uniform color4f ui:stroke = (0.12156863, 0.12156863, 0.12156863, 1)
            uniform color4f ui:valueColor = (0.92156863, 0.92156863, 0.92156863, 1)
        }

        def RigExecPickerButton "b_R_RingTip" (
            customData = {
                dictionary blender = {
                    string[] controlNames = ["FK-Finger_Ring3.R"]
                }
            }
        )
        {
            custom rel rigExec:picker:mirror = </Template/Body/b_L_RingTip>
            uniform float ui:depth = 0.0026
            uniform color4f ui:fill = (0.28235295, 0.5921569, 0.88235295, 1)
            uniform float2 ui:position = (41, 232)
            uniform float ui:roundness = 2
            uniform token ui:shape = "rectangle"
            uniform float2 ui:size = (12, 11)
            uniform color4f ui:stroke = (0.12156863, 0.12156863, 0.12156863, 1)
            uniform color4f ui:valueColor = (0.92156863, 0.92156863, 0.92156863, 1)
        }

        def RigExecPickerButton "b_L_RingTip" (
            customData = {
                dictionary blender = {
                    string[] controlNames = ["FK-Finger_Ring3.L"]
                }
            }
        )
        {
            custom rel rigExec:picker:mirror = </Template/Body/b_R_RingTip>
            uniform float ui:depth = 0.0026
            uniform color4f ui:fill = (0.28235295, 0.5921569, 0.88235295, 1)
            uniform float2 ui:position = (364, 232)
            uniform float ui:roundness = 2
            uniform token ui:shape = "rectangle"
            uniform float2 ui:size = (12, 11)
            uniform color4f ui:stroke = (0.12156863, 0.12156863, 0.12156863, 1)
            uniform color4f ui:valueColor = (0.92156863, 0.92156863, 0.92156863, 1)
        }

        def RigExecPickerButton "b_R_ToeMiddleMeta" (
            customData = {
                dictionary blender = {
                    bool unavailable = 1
                    string unsupportedReason = "No corresponding source control for this template slot"
                }
            }
        )
        {
            custom rel rigExec:picker:mirror = </Template/Body/b_L_ToeMiddleMeta>
            uniform float ui:depth = 0.0027
            uniform color4f ui:fill = (0.24, 0.24, 0.24, 0.35)
            uniform float2 ui:position = (145, 448)
            uniform float ui:roundness = 2
            uniform token ui:shape = "rectangle"
            uniform float2 ui:size = (12, 12)
            uniform color4f ui:stroke = (0.12156863, 0.12156863, 0.12156863, 1)
            uniform color4f ui:valueColor = (0.92156863, 0.92156863, 0.92156863, 1)
        }

        def RigExecPickerButton "b_L_ToeMiddleMeta" (
            customData = {
                dictionary blender = {
                    bool unavailable = 1
                    string unsupportedReason = "No corresponding source control for this template slot"
                }
            }
        )
        {
            custom rel rigExec:picker:mirror = </Template/Body/b_R_ToeMiddleMeta>
            uniform float ui:depth = 0.0027
            uniform color4f ui:fill = (0.24, 0.24, 0.24, 0.35)
            uniform float2 ui:position = (260, 448)
            uniform float ui:roundness = 2
            uniform token ui:shape = "rectangle"
            uniform float2 ui:size = (12, 12)
            uniform color4f ui:stroke = (0.12156863, 0.12156863, 0.12156863, 1)
            uniform color4f ui:valueColor = (0.92156863, 0.92156863, 0.92156863, 1)
        }

        def RigExecPickerButton "b_R_ToeMiddleBase" (
            customData = {
                dictionary blender = {
                    bool unavailable = 1
                    string unsupportedReason = "No corresponding source control for this template slot"
                }
            }
        )
        {
            custom rel rigExec:picker:mirror = </Template/Body/b_L_ToeMiddleBase>
            uniform float ui:depth = 0.0028
            uniform color4f ui:fill = (0.24, 0.24, 0.24, 0.35)
            uniform float2 ui:position = (145, 460)
            uniform float ui:roundness = 2
            uniform token ui:shape = "rectangle"
            uniform float2 ui:size = (12, 12)
            uniform color4f ui:stroke = (0.12156863, 0.12156863, 0.12156863, 1)
            uniform color4f ui:valueColor = (0.92156863, 0.92156863, 0.92156863, 1)
        }

        def RigExecPickerButton "b_L_ToeIndexMeta" (
            customData = {
                dictionary blender = {
                    bool unavailable = 1
                    string unsupportedReason = "No corresponding source control for this template slot"
                }
            }
        )
        {
            custom rel rigExec:picker:mirror = </Template/Body/b_R_ToeIndexMeta>
            uniform float ui:depth = 0.0028
            uniform color4f ui:fill = (0.24, 0.24, 0.24, 0.35)
            uniform float2 ui:position = (246, 448)
            uniform float ui:roundness = 2
            uniform token ui:shape = "rectangle"
            uniform float2 ui:size = (12, 12)
            uniform color4f ui:stroke = (0.12156863, 0.12156863, 0.12156863, 1)
            uniform color4f ui:valueColor = (0.92156863, 0.92156863, 0.92156863, 1)
        }

        def RigExecPickerButton "b_R_ToeRingMeta" (
            customData = {
                dictionary blender = {
                    bool unavailable = 1
                    string unsupportedReason = "No corresponding source control for this template slot"
                }
            }
        )
        {
            custom rel rigExec:picker:mirror = </Template/Body/b_L_ToeRingMeta>
            uniform float ui:depth = 0.0028
            uniform color4f ui:fill = (0.24, 0.24, 0.24, 0.35)
            uniform float2 ui:position = (131, 448)
            uniform float ui:roundness = 2
            uniform token ui:shape = "rectangle"
            uniform float2 ui:size = (12, 12)
            uniform color4f ui:stroke = (0.12156863, 0.12156863, 0.12156863, 1)
            uniform color4f ui:valueColor = (0.92156863, 0.92156863, 0.92156863, 1)
        }

        def RigExecPickerButton "b_L_ToeRingMeta" (
            customData = {
                dictionary blender = {
                    bool unavailable = 1
                    string unsupportedReason = "No corresponding source control for this template slot"
                }
            }
        )
        {
            custom rel rigExec:picker:mirror = </Template/Body/b_R_ToeRingMeta>
            uniform float ui:depth = 0.0028
            uniform color4f ui:fill = (0.24, 0.24, 0.24, 0.35)
            uniform float2 ui:position = (274, 448)
            uniform float ui:roundness = 2
            uniform token ui:shape = "rectangle"
            uniform float2 ui:size = (12, 12)
            uniform color4f ui:stroke = (0.12156863, 0.12156863, 0.12156863, 1)
            uniform color4f ui:valueColor = (0.92156863, 0.92156863, 0.92156863, 1)
        }

        def RigExecPickerButton "b_L_ToeMiddleBase" (
            customData = {
                dictionary blender = {
                    bool unavailable = 1
                    string unsupportedReason = "No corresponding source control for this template slot"
                }
            }
        )
        {
            custom rel rigExec:picker:mirror = </Template/Body/b_R_ToeMiddleBase>
            uniform float ui:depth = 0.0028
            uniform color4f ui:fill = (0.24, 0.24, 0.24, 0.35)
            uniform float2 ui:position = (260, 460)
            uniform float ui:roundness = 2
            uniform token ui:shape = "rectangle"
            uniform float2 ui:size = (12, 12)
            uniform color4f ui:stroke = (0.12156863, 0.12156863, 0.12156863, 1)
            uniform color4f ui:valueColor = (0.92156863, 0.92156863, 0.92156863, 1)
        }

        def RigExecPickerButton "b_R_ToeIndexMeta" (
            customData = {
                dictionary blender = {
                    bool unavailable = 1
                    string unsupportedReason = "No corresponding source control for this template slot"
                }
            }
        )
        {
            custom rel rigExec:picker:mirror = </Template/Body/b_L_ToeIndexMeta>
            uniform float ui:depth = 0.0028
            uniform color4f ui:fill = (0.24, 0.24, 0.24, 0.35)
            uniform float2 ui:position = (159, 448)
            uniform float ui:roundness = 2
            uniform token ui:shape = "rectangle"
            uniform float2 ui:size = (12, 12)
            uniform color4f ui:stroke = (0.12156863, 0.12156863, 0.12156863, 1)
            uniform color4f ui:valueColor = (0.92156863, 0.92156863, 0.92156863, 1)
        }

        def RigExecPickerButton "b_L_ToeIndexBase" (
            customData = {
                dictionary blender = {
                    bool unavailable = 1
                    string unsupportedReason = "No corresponding source control for this template slot"
                }
            }
        )
        {
            custom rel rigExec:picker:mirror = </Template/Body/b_R_ToeIndexBase>
            uniform float ui:depth = 0.0029
            uniform color4f ui:fill = (0.24, 0.24, 0.24, 0.35)
            uniform float2 ui:position = (246, 460)
            uniform float ui:roundness = 2
            uniform token ui:shape = "rectangle"
            uniform float2 ui:size = (12, 12)
            uniform color4f ui:stroke = (0.12156863, 0.12156863, 0.12156863, 1)
            uniform color4f ui:valueColor = (0.92156863, 0.92156863, 0.92156863, 1)
        }

        def RigExecPickerButton "b_L_ToeMiddleMid" (
            customData = {
                dictionary blender = {
                    bool unavailable = 1
                    string unsupportedReason = "No corresponding source control for this template slot"
                }
            }
        )
        {
            custom rel rigExec:picker:mirror = </Template/Body/b_R_ToeMiddleMid>
            uniform float ui:depth = 0.0029
            uniform color4f ui:fill = (0.24, 0.24, 0.24, 0.35)
            uniform float2 ui:position = (260, 473)
            uniform float ui:roundness = 2
            uniform token ui:shape = "rectangle"
            uniform float2 ui:size = (12, 12)
            uniform color4f ui:stroke = (0.12156863, 0.12156863, 0.12156863, 1)
            uniform color4f ui:valueColor = (0.92156863, 0.92156863, 0.92156863, 1)
        }

        def RigExecPickerButton "b_R_ToeMiddleMid" (
            customData = {
                dictionary blender = {
                    bool unavailable = 1
                    string unsupportedReason = "No corresponding source control for this template slot"
                }
            }
        )
        {
            custom rel rigExec:picker:mirror = </Template/Body/b_L_ToeMiddleMid>
            uniform float ui:depth = 0.0029
            uniform color4f ui:fill = (0.24, 0.24, 0.24, 0.35)
            uniform float2 ui:position = (145, 473)
            uniform float ui:roundness = 2
            uniform token ui:shape = "rectangle"
            uniform float2 ui:size = (12, 12)
            uniform color4f ui:stroke = (0.12156863, 0.12156863, 0.12156863, 1)
            uniform color4f ui:valueColor = (0.92156863, 0.92156863, 0.92156863, 1)
        }

        def RigExecPickerButton "b_R_ToeIndexBase" (
            customData = {
                dictionary blender = {
                    bool unavailable = 1
                    string unsupportedReason = "No corresponding source control for this template slot"
                }
            }
        )
        {
            custom rel rigExec:picker:mirror = </Template/Body/b_L_ToeIndexBase>
            uniform float ui:depth = 0.0029
            uniform color4f ui:fill = (0.24, 0.24, 0.24, 0.35)
            uniform float2 ui:position = (159, 460)
            uniform float ui:roundness = 2
            uniform token ui:shape = "rectangle"
            uniform float2 ui:size = (12, 12)
            uniform color4f ui:stroke = (0.12156863, 0.12156863, 0.12156863, 1)
            uniform color4f ui:valueColor = (0.92156863, 0.92156863, 0.92156863, 1)
        }

        def RigExecPickerButton "b_R_ToePinkyMeta" (
            customData = {
                dictionary blender = {
                    bool unavailable = 1
                    string unsupportedReason = "No corresponding source control for this template slot"
                }
            }
        )
        {
            custom rel rigExec:picker:mirror = </Template/Body/b_L_ToePinkyMeta>
            uniform float ui:depth = 0.0029
            uniform color4f ui:fill = (0.24, 0.24, 0.24, 0.35)
            uniform float2 ui:position = (117, 448)
            uniform float ui:roundness = 2
            uniform token ui:shape = "rectangle"
            uniform float2 ui:size = (12, 12)
            uniform color4f ui:stroke = (0.12156863, 0.12156863, 0.12156863, 1)
            uniform color4f ui:valueColor = (0.92156863, 0.92156863, 0.92156863, 1)
        }

        def RigExecPickerButton "b_R_ToeRingBase" (
            customData = {
                dictionary blender = {
                    bool unavailable = 1
                    string unsupportedReason = "No corresponding source control for this template slot"
                }
            }
        )
        {
            custom rel rigExec:picker:mirror = </Template/Body/b_L_ToeRingBase>
            uniform float ui:depth = 0.0029
            uniform color4f ui:fill = (0.24, 0.24, 0.24, 0.35)
            uniform float2 ui:position = (131, 460)
            uniform float ui:roundness = 2
            uniform token ui:shape = "rectangle"
            uniform float2 ui:size = (12, 12)
            uniform color4f ui:stroke = (0.12156863, 0.12156863, 0.12156863, 1)
            uniform color4f ui:valueColor = (0.92156863, 0.92156863, 0.92156863, 1)
        }

        def RigExecPickerButton "b_L_ToePinkyMeta" (
            customData = {
                dictionary blender = {
                    bool unavailable = 1
                    string unsupportedReason = "No corresponding source control for this template slot"
                }
            }
        )
        {
            custom rel rigExec:picker:mirror = </Template/Body/b_R_ToePinkyMeta>
            uniform float ui:depth = 0.0029
            uniform color4f ui:fill = (0.24, 0.24, 0.24, 0.35)
            uniform float2 ui:position = (288, 448)
            uniform float ui:roundness = 2
            uniform token ui:shape = "rectangle"
            uniform float2 ui:size = (12, 12)
            uniform color4f ui:stroke = (0.12156863, 0.12156863, 0.12156863, 1)
            uniform color4f ui:valueColor = (0.92156863, 0.92156863, 0.92156863, 1)
        }

        def RigExecPickerButton "b_L_ToeRingBase" (
            customData = {
                dictionary blender = {
                    bool unavailable = 1
                    string unsupportedReason = "No corresponding source control for this template slot"
                }
            }
        )
        {
            custom rel rigExec:picker:mirror = </Template/Body/b_R_ToeRingBase>
            uniform float ui:depth = 0.0029
            uniform color4f ui:fill = (0.24, 0.24, 0.24, 0.35)
            uniform float2 ui:position = (274, 460)
            uniform float ui:roundness = 2
            uniform token ui:shape = "rectangle"
            uniform float2 ui:size = (12, 12)
            uniform color4f ui:stroke = (0.12156863, 0.12156863, 0.12156863, 1)
            uniform color4f ui:valueColor = (0.92156863, 0.92156863, 0.92156863, 1)
        }

        def RigExecPickerButton "b_R_ToeThumbBase" (
            customData = {
                dictionary blender = {
                    bool unavailable = 1
                    string unsupportedReason = "No corresponding source control for this template slot"
                }
            }
        )
        {
            custom rel rigExec:picker:mirror = </Template/Body/b_L_ToeThumbBase>
            uniform float ui:depth = 0.0029
            uniform color4f ui:fill = (0.24, 0.24, 0.24, 0.35)
            uniform float2 ui:position = (173, 448)
            uniform float ui:roundness = 2
            uniform token ui:shape = "rectangle"
            uniform float2 ui:size = (12, 12)
            uniform color4f ui:stroke = (0.12156863, 0.12156863, 0.12156863, 1)
            uniform color4f ui:valueColor = (0.92156863, 0.92156863, 0.92156863, 1)
        }

        def RigExecPickerButton "b_L_ToeThumbBase" (
            customData = {
                dictionary blender = {
                    bool unavailable = 1
                    string unsupportedReason = "No corresponding source control for this template slot"
                }
            }
        )
        {
            custom rel rigExec:picker:mirror = </Template/Body/b_R_ToeThumbBase>
            uniform float ui:depth = 0.0029
            uniform color4f ui:fill = (0.24, 0.24, 0.24, 0.35)
            uniform float2 ui:position = (232, 448)
            uniform float ui:roundness = 2
            uniform token ui:shape = "rectangle"
            uniform float2 ui:size = (12, 12)
            uniform color4f ui:stroke = (0.12156863, 0.12156863, 0.12156863, 1)
            uniform color4f ui:valueColor = (0.92156863, 0.92156863, 0.92156863, 1)
        }

        def RigExecPickerButton "b_R_ToeMiddleTip" (
            customData = {
                dictionary blender = {
                    bool unavailable = 1
                    string unsupportedReason = "No corresponding source control for this template slot"
                }
            }
        )
        {
            custom rel rigExec:picker:mirror = </Template/Body/b_L_ToeMiddleTip>
            uniform float ui:depth = 0.003
            uniform color4f ui:fill = (0.24, 0.24, 0.24, 0.35)
            uniform float2 ui:position = (145, 487)
            uniform float ui:roundness = 2
            uniform token ui:shape = "rectangle"
            uniform float2 ui:size = (12, 12)
            uniform color4f ui:stroke = (0.12156863, 0.12156863, 0.12156863, 1)
            uniform color4f ui:valueColor = (0.92156863, 0.92156863, 0.92156863, 1)
        }

        def RigExecPickerButton "b_L_ToeMiddleTip" (
            customData = {
                dictionary blender = {
                    bool unavailable = 1
                    string unsupportedReason = "No corresponding source control for this template slot"
                }
            }
        )
        {
            custom rel rigExec:picker:mirror = </Template/Body/b_R_ToeMiddleTip>
            uniform float ui:depth = 0.003
            uniform color4f ui:fill = (0.24, 0.24, 0.24, 0.35)
            uniform float2 ui:position = (260, 487)
            uniform float ui:roundness = 2
            uniform token ui:shape = "rectangle"
            uniform float2 ui:size = (12, 12)
            uniform color4f ui:stroke = (0.12156863, 0.12156863, 0.12156863, 1)
            uniform color4f ui:valueColor = (0.92156863, 0.92156863, 0.92156863, 1)
        }

        def RigExecPickerButton "b_L_MiddleMeta" (
            customData = {
                dictionary blender = {
                    string[] controlNames = ["FK-Finger_Middle_Carpal.L"]
                }
            }
        )
        {
            custom rel rigExec:picker:mirror = </Template/Body/b_R_MiddleMeta>
            uniform float ui:depth = 0.003
            uniform color4f ui:fill = (0.60784316, 0.7176471, 0.8392157, 1)
            uniform float2 ui:position = (351, 199)
            uniform float ui:roundness = 2
            uniform token ui:shape = "rectangle"
            uniform float2 ui:size = (12, 11)
            uniform color4f ui:stroke = (0.12156863, 0.12156863, 0.12156863, 1)
            uniform color4f ui:valueColor = (0.92156863, 0.92156863, 0.92156863, 1)
        }

        def RigExecPickerButton "b_R_MiddleMeta" (
            customData = {
                dictionary blender = {
                    string[] controlNames = ["FK-Finger_Middle_Carpal.R"]
                }
            }
        )
        {
            custom rel rigExec:picker:mirror = </Template/Body/b_L_MiddleMeta>
            uniform float ui:depth = 0.003
            uniform color4f ui:fill = (0.60784316, 0.7176471, 0.8392157, 1)
            uniform float2 ui:position = (54, 199)
            uniform float ui:roundness = 2
            uniform token ui:shape = "rectangle"
            uniform float2 ui:size = (12, 11)
            uniform color4f ui:stroke = (0.12156863, 0.12156863, 0.12156863, 1)
            uniform color4f ui:valueColor = (0.92156863, 0.92156863, 0.92156863, 1)
        }

        def RigExecPickerButton "b_L_ToeThumbMid" (
            customData = {
                dictionary blender = {
                    bool unavailable = 1
                    string unsupportedReason = "No corresponding source control for this template slot"
                }
            }
        )
        {
            custom rel rigExec:picker:mirror = </Template/Body/b_R_ToeThumbMid>
            uniform float ui:depth = 0.003
            uniform color4f ui:fill = (0.24, 0.24, 0.24, 0.35)
            uniform float2 ui:position = (232, 460)
            uniform float ui:roundness = 2
            uniform token ui:shape = "rectangle"
            uniform float2 ui:size = (12, 12)
            uniform color4f ui:stroke = (0.12156863, 0.12156863, 0.12156863, 1)
            uniform color4f ui:valueColor = (0.92156863, 0.92156863, 0.92156863, 1)
        }

        def RigExecPickerButton "b_L_ToeIndexMid" (
            customData = {
                dictionary blender = {
                    bool unavailable = 1
                    string unsupportedReason = "No corresponding source control for this template slot"
                }
            }
        )
        {
            custom rel rigExec:picker:mirror = </Template/Body/b_R_ToeIndexMid>
            uniform float ui:depth = 0.003
            uniform color4f ui:fill = (0.24, 0.24, 0.24, 0.35)
            uniform float2 ui:position = (246, 473)
            uniform float ui:roundness = 2
            uniform token ui:shape = "rectangle"
            uniform float2 ui:size = (12, 12)
            uniform color4f ui:stroke = (0.12156863, 0.12156863, 0.12156863, 1)
            uniform color4f ui:valueColor = (0.92156863, 0.92156863, 0.92156863, 1)
        }

        def RigExecPickerButton "b_R_ToeIndexMid" (
            customData = {
                dictionary blender = {
                    bool unavailable = 1
                    string unsupportedReason = "No corresponding source control for this template slot"
                }
            }
        )
        {
            custom rel rigExec:picker:mirror = </Template/Body/b_L_ToeIndexMid>
            uniform float ui:depth = 0.003
            uniform color4f ui:fill = (0.24, 0.24, 0.24, 0.35)
            uniform float2 ui:position = (159, 473)
            uniform float ui:roundness = 2
            uniform token ui:shape = "rectangle"
            uniform float2 ui:size = (12, 12)
            uniform color4f ui:stroke = (0.12156863, 0.12156863, 0.12156863, 1)
            uniform color4f ui:valueColor = (0.92156863, 0.92156863, 0.92156863, 1)
        }

        def RigExecPickerButton "b_R_ToeThumbMid" (
            customData = {
                dictionary blender = {
                    bool unavailable = 1
                    string unsupportedReason = "No corresponding source control for this template slot"
                }
            }
        )
        {
            custom rel rigExec:picker:mirror = </Template/Body/b_L_ToeThumbMid>
            uniform float ui:depth = 0.003
            uniform color4f ui:fill = (0.24, 0.24, 0.24, 0.35)
            uniform float2 ui:position = (173, 460)
            uniform float ui:roundness = 2
            uniform token ui:shape = "rectangle"
            uniform float2 ui:size = (12, 12)
            uniform color4f ui:stroke = (0.12156863, 0.12156863, 0.12156863, 1)
            uniform color4f ui:valueColor = (0.92156863, 0.92156863, 0.92156863, 1)
        }

        def RigExecPickerButton "b_L_ToePinkyBase" (
            customData = {
                dictionary blender = {
                    bool unavailable = 1
                    string unsupportedReason = "No corresponding source control for this template slot"
                }
            }
        )
        {
            custom rel rigExec:picker:mirror = </Template/Body/b_R_ToePinkyBase>
            uniform float ui:depth = 0.003
            uniform color4f ui:fill = (0.24, 0.24, 0.24, 0.35)
            uniform float2 ui:position = (288, 460)
            uniform float ui:roundness = 2
            uniform token ui:shape = "rectangle"
            uniform float2 ui:size = (12, 12)
            uniform color4f ui:stroke = (0.12156863, 0.12156863, 0.12156863, 1)
            uniform color4f ui:valueColor = (0.92156863, 0.92156863, 0.92156863, 1)
        }

        def RigExecPickerButton "b_L_ToeRingMid" (
            customData = {
                dictionary blender = {
                    bool unavailable = 1
                    string unsupportedReason = "No corresponding source control for this template slot"
                }
            }
        )
        {
            custom rel rigExec:picker:mirror = </Template/Body/b_R_ToeRingMid>
            uniform float ui:depth = 0.003
            uniform color4f ui:fill = (0.24, 0.24, 0.24, 0.35)
            uniform float2 ui:position = (274, 473)
            uniform float ui:roundness = 2
            uniform token ui:shape = "rectangle"
            uniform float2 ui:size = (12, 12)
            uniform color4f ui:stroke = (0.12156863, 0.12156863, 0.12156863, 1)
            uniform color4f ui:valueColor = (0.92156863, 0.92156863, 0.92156863, 1)
        }

        def RigExecPickerButton "b_R_ToeRingMid" (
            customData = {
                dictionary blender = {
                    bool unavailable = 1
                    string unsupportedReason = "No corresponding source control for this template slot"
                }
            }
        )
        {
            custom rel rigExec:picker:mirror = </Template/Body/b_L_ToeRingMid>
            uniform float ui:depth = 0.003
            uniform color4f ui:fill = (0.24, 0.24, 0.24, 0.35)
            uniform float2 ui:position = (131, 473)
            uniform float ui:roundness = 2
            uniform token ui:shape = "rectangle"
            uniform float2 ui:size = (12, 12)
            uniform color4f ui:stroke = (0.12156863, 0.12156863, 0.12156863, 1)
            uniform color4f ui:valueColor = (0.92156863, 0.92156863, 0.92156863, 1)
        }

        def RigExecPickerButton "b_R_ToePinkyBase" (
            customData = {
                dictionary blender = {
                    bool unavailable = 1
                    string unsupportedReason = "No corresponding source control for this template slot"
                }
            }
        )
        {
            custom rel rigExec:picker:mirror = </Template/Body/b_L_ToePinkyBase>
            uniform float ui:depth = 0.003
            uniform color4f ui:fill = (0.24, 0.24, 0.24, 0.35)
            uniform float2 ui:position = (117, 460)
            uniform float ui:roundness = 2
            uniform token ui:shape = "rectangle"
            uniform float2 ui:size = (12, 12)
            uniform color4f ui:stroke = (0.12156863, 0.12156863, 0.12156863, 1)
            uniform color4f ui:valueColor = (0.92156863, 0.92156863, 0.92156863, 1)
        }

        def RigExecPickerButton "b_L_MiddleBase" (
            customData = {
                dictionary blender = {
                    string[] controlNames = ["FK-Finger_Middle1.L"]
                }
            }
        )
        {
            custom rel rigExec:picker:mirror = </Template/Body/b_R_MiddleBase>
            uniform float ui:depth = 0.0031
            uniform color4f ui:fill = (0.28235295, 0.5921569, 0.88235295, 1)
            uniform float2 ui:position = (351, 210)
            uniform float ui:roundness = 2
            uniform token ui:shape = "rectangle"
            uniform float2 ui:size = (12, 11)
            uniform color4f ui:stroke = (0.12156863, 0.12156863, 0.12156863, 1)
            uniform color4f ui:valueColor = (0.92156863, 0.92156863, 0.92156863, 1)
        }

        def RigExecPickerButton "b_R_MiddleBase" (
            customData = {
                dictionary blender = {
                    string[] controlNames = ["FK-Finger_Middle1.R"]
                }
            }
        )
        {
            custom rel rigExec:picker:mirror = </Template/Body/b_L_MiddleBase>
            uniform float ui:depth = 0.0031
            uniform color4f ui:fill = (0.28235295, 0.5921569, 0.88235295, 1)
            uniform float2 ui:position = (54, 210)
            uniform float ui:roundness = 2
            uniform token ui:shape = "rectangle"
            uniform float2 ui:size = (12, 11)
            uniform color4f ui:stroke = (0.12156863, 0.12156863, 0.12156863, 1)
            uniform color4f ui:valueColor = (0.92156863, 0.92156863, 0.92156863, 1)
        }

        def RigExecPickerButton "b_R_ToeIndexTip" (
            customData = {
                dictionary blender = {
                    bool unavailable = 1
                    string unsupportedReason = "No corresponding source control for this template slot"
                }
            }
        )
        {
            custom rel rigExec:picker:mirror = </Template/Body/b_L_ToeIndexTip>
            uniform float ui:depth = 0.0031
            uniform color4f ui:fill = (0.24, 0.24, 0.24, 0.35)
            uniform float2 ui:position = (159, 487)
            uniform float ui:roundness = 2
            uniform token ui:shape = "rectangle"
            uniform float2 ui:size = (12, 12)
            uniform color4f ui:stroke = (0.12156863, 0.12156863, 0.12156863, 1)
            uniform color4f ui:valueColor = (0.92156863, 0.92156863, 0.92156863, 1)
        }

        def RigExecPickerButton "b_L_ToeIndexTip" (
            customData = {
                dictionary blender = {
                    bool unavailable = 1
                    string unsupportedReason = "No corresponding source control for this template slot"
                }
            }
        )
        {
            custom rel rigExec:picker:mirror = </Template/Body/b_R_ToeIndexTip>
            uniform float ui:depth = 0.0031
            uniform color4f ui:fill = (0.24, 0.24, 0.24, 0.35)
            uniform float2 ui:position = (246, 487)
            uniform float ui:roundness = 2
            uniform token ui:shape = "rectangle"
            uniform float2 ui:size = (12, 12)
            uniform color4f ui:stroke = (0.12156863, 0.12156863, 0.12156863, 1)
            uniform color4f ui:valueColor = (0.92156863, 0.92156863, 0.92156863, 1)
        }

        def RigExecPickerButton "b_R_ToeThumbTip" (
            customData = {
                dictionary blender = {
                    bool unavailable = 1
                    string unsupportedReason = "No corresponding source control for this template slot"
                }
            }
        )
        {
            custom rel rigExec:picker:mirror = </Template/Body/b_L_ToeThumbTip>
            uniform float ui:depth = 0.0031
            uniform color4f ui:fill = (0.24, 0.24, 0.24, 0.35)
            uniform float2 ui:position = (173, 473)
            uniform float ui:roundness = 2
            uniform token ui:shape = "rectangle"
            uniform float2 ui:size = (12, 12)
            uniform color4f ui:stroke = (0.12156863, 0.12156863, 0.12156863, 1)
            uniform color4f ui:valueColor = (0.92156863, 0.92156863, 0.92156863, 1)
        }

        def RigExecPickerButton "b_L_ToeThumbTip" (
            customData = {
                dictionary blender = {
                    bool unavailable = 1
                    string unsupportedReason = "No corresponding source control for this template slot"
                }
            }
        )
        {
            custom rel rigExec:picker:mirror = </Template/Body/b_R_ToeThumbTip>
            uniform float ui:depth = 0.0031
            uniform color4f ui:fill = (0.24, 0.24, 0.24, 0.35)
            uniform float2 ui:position = (232, 473)
            uniform float ui:roundness = 2
            uniform token ui:shape = "rectangle"
            uniform float2 ui:size = (12, 12)
            uniform color4f ui:stroke = (0.12156863, 0.12156863, 0.12156863, 1)
            uniform color4f ui:valueColor = (0.92156863, 0.92156863, 0.92156863, 1)
        }

        def RigExecPickerButton "b_L_ToeRingTip" (
            customData = {
                dictionary blender = {
                    bool unavailable = 1
                    string unsupportedReason = "No corresponding source control for this template slot"
                }
            }
        )
        {
            custom rel rigExec:picker:mirror = </Template/Body/b_R_ToeRingTip>
            uniform float ui:depth = 0.0031
            uniform color4f ui:fill = (0.24, 0.24, 0.24, 0.35)
            uniform float2 ui:position = (274, 487)
            uniform float ui:roundness = 2
            uniform token ui:shape = "rectangle"
            uniform float2 ui:size = (12, 12)
            uniform color4f ui:stroke = (0.12156863, 0.12156863, 0.12156863, 1)
            uniform color4f ui:valueColor = (0.92156863, 0.92156863, 0.92156863, 1)
        }

        def RigExecPickerButton "b_L_ToePinkyMid" (
            customData = {
                dictionary blender = {
                    bool unavailable = 1
                    string unsupportedReason = "No corresponding source control for this template slot"
                }
            }
        )
        {
            custom rel rigExec:picker:mirror = </Template/Body/b_R_ToePinkyMid>
            uniform float ui:depth = 0.0031
            uniform color4f ui:fill = (0.24, 0.24, 0.24, 0.35)
            uniform float2 ui:position = (288, 473)
            uniform float ui:roundness = 2
            uniform token ui:shape = "rectangle"
            uniform float2 ui:size = (12, 12)
            uniform color4f ui:stroke = (0.12156863, 0.12156863, 0.12156863, 1)
            uniform color4f ui:valueColor = (0.92156863, 0.92156863, 0.92156863, 1)
        }

        def RigExecPickerButton "b_R_ToePinkyMid" (
            customData = {
                dictionary blender = {
                    bool unavailable = 1
                    string unsupportedReason = "No corresponding source control for this template slot"
                }
            }
        )
        {
            custom rel rigExec:picker:mirror = </Template/Body/b_L_ToePinkyMid>
            uniform float ui:depth = 0.0031
            uniform color4f ui:fill = (0.24, 0.24, 0.24, 0.35)
            uniform float2 ui:position = (117, 473)
            uniform float ui:roundness = 2
            uniform token ui:shape = "rectangle"
            uniform float2 ui:size = (12, 12)
            uniform color4f ui:stroke = (0.12156863, 0.12156863, 0.12156863, 1)
            uniform color4f ui:valueColor = (0.92156863, 0.92156863, 0.92156863, 1)
        }

        def RigExecPickerButton "b_R_ToeRingTip" (
            customData = {
                dictionary blender = {
                    bool unavailable = 1
                    string unsupportedReason = "No corresponding source control for this template slot"
                }
            }
        )
        {
            custom rel rigExec:picker:mirror = </Template/Body/b_L_ToeRingTip>
            uniform float ui:depth = 0.0031
            uniform color4f ui:fill = (0.24, 0.24, 0.24, 0.35)
            uniform float2 ui:position = (131, 487)
            uniform float ui:roundness = 2
            uniform token ui:shape = "rectangle"
            uniform float2 ui:size = (12, 12)
            uniform color4f ui:stroke = (0.12156863, 0.12156863, 0.12156863, 1)
            uniform color4f ui:valueColor = (0.92156863, 0.92156863, 0.92156863, 1)
        }

        def RigExecPickerButton "b_L_MiddleMid" (
            customData = {
                dictionary blender = {
                    string[] controlNames = ["FK-Finger_Middle2.L"]
                }
            }
        )
        {
            custom rel rigExec:picker:mirror = </Template/Body/b_R_MiddleMid>
            uniform float ui:depth = 0.0032
            uniform color4f ui:fill = (0.28235295, 0.5921569, 0.88235295, 1)
            uniform float2 ui:position = (351, 221)
            uniform float ui:roundness = 2
            uniform token ui:shape = "rectangle"
            uniform float2 ui:size = (12, 11)
            uniform color4f ui:stroke = (0.12156863, 0.12156863, 0.12156863, 1)
            uniform color4f ui:valueColor = (0.92156863, 0.92156863, 0.92156863, 1)
        }

        def RigExecPickerButton "b_R_MiddleMid" (
            customData = {
                dictionary blender = {
                    string[] controlNames = ["FK-Finger_Middle2.R"]
                }
            }
        )
        {
            custom rel rigExec:picker:mirror = </Template/Body/b_L_MiddleMid>
            uniform float ui:depth = 0.0032
            uniform color4f ui:fill = (0.28235295, 0.5921569, 0.88235295, 1)
            uniform float2 ui:position = (54, 221)
            uniform float ui:roundness = 2
            uniform token ui:shape = "rectangle"
            uniform float2 ui:size = (12, 11)
            uniform color4f ui:stroke = (0.12156863, 0.12156863, 0.12156863, 1)
            uniform color4f ui:valueColor = (0.92156863, 0.92156863, 0.92156863, 1)
        }

        def RigExecPickerButton "b_R_ToePinkyTip" (
            customData = {
                dictionary blender = {
                    bool unavailable = 1
                    string unsupportedReason = "No corresponding source control for this template slot"
                }
            }
        )
        {
            custom rel rigExec:picker:mirror = </Template/Body/b_L_ToePinkyTip>
            uniform float ui:depth = 0.0032
            uniform color4f ui:fill = (0.24, 0.24, 0.24, 0.35)
            uniform float2 ui:position = (117, 487)
            uniform float ui:roundness = 2
            uniform token ui:shape = "rectangle"
            uniform float2 ui:size = (12, 12)
            uniform color4f ui:stroke = (0.12156863, 0.12156863, 0.12156863, 1)
            uniform color4f ui:valueColor = (0.92156863, 0.92156863, 0.92156863, 1)
        }

        def RigExecPickerButton "b_L_ToePinkyTip" (
            customData = {
                dictionary blender = {
                    bool unavailable = 1
                    string unsupportedReason = "No corresponding source control for this template slot"
                }
            }
        )
        {
            custom rel rigExec:picker:mirror = </Template/Body/b_R_ToePinkyTip>
            uniform float ui:depth = 0.0032
            uniform color4f ui:fill = (0.24, 0.24, 0.24, 0.35)
            uniform float2 ui:position = (288, 487)
            uniform float ui:roundness = 2
            uniform token ui:shape = "rectangle"
            uniform float2 ui:size = (12, 12)
            uniform color4f ui:stroke = (0.12156863, 0.12156863, 0.12156863, 1)
            uniform color4f ui:valueColor = (0.92156863, 0.92156863, 0.92156863, 1)
        }

        def RigExecPickerButton "b_R_ToeThumbEnd" (
            customData = {
                dictionary blender = {
                    bool unavailable = 1
                    string unsupportedReason = "No corresponding source control for this template slot"
                }
            }
        )
        {
            custom rel rigExec:picker:mirror = </Template/Body/b_L_ToeThumbEnd>
            uniform float ui:depth = 0.0032
            uniform color4f ui:fill = (0.24, 0.24, 0.24, 0.35)
            uniform float2 ui:position = (173, 487)
            uniform float ui:roundness = 2
            uniform token ui:shape = "rectangle"
            uniform float2 ui:size = (12, 12)
            uniform color4f ui:stroke = (0.12156863, 0.12156863, 0.12156863, 1)
            uniform color4f ui:valueColor = (0.92156863, 0.92156863, 0.92156863, 1)
        }

        def RigExecPickerButton "b_L_ToeThumbEnd" (
            customData = {
                dictionary blender = {
                    bool unavailable = 1
                    string unsupportedReason = "No corresponding source control for this template slot"
                }
            }
        )
        {
            custom rel rigExec:picker:mirror = </Template/Body/b_R_ToeThumbEnd>
            uniform float ui:depth = 0.0032
            uniform color4f ui:fill = (0.24, 0.24, 0.24, 0.35)
            uniform float2 ui:position = (232, 487)
            uniform float ui:roundness = 2
            uniform token ui:shape = "rectangle"
            uniform float2 ui:size = (12, 12)
            uniform color4f ui:stroke = (0.12156863, 0.12156863, 0.12156863, 1)
            uniform color4f ui:valueColor = (0.92156863, 0.92156863, 0.92156863, 1)
        }

        def RigExecPickerButton "b_L_MiddleTip" (
            customData = {
                dictionary blender = {
                    string[] controlNames = ["FK-Finger_Middle3.L"]
                }
            }
        )
        {
            custom rel rigExec:picker:mirror = </Template/Body/b_R_MiddleTip>
            uniform float ui:depth = 0.0033
            uniform color4f ui:fill = (0.28235295, 0.5921569, 0.88235295, 1)
            uniform float2 ui:position = (351, 232)
            uniform float ui:roundness = 2
            uniform token ui:shape = "rectangle"
            uniform float2 ui:size = (12, 11)
            uniform color4f ui:stroke = (0.12156863, 0.12156863, 0.12156863, 1)
            uniform color4f ui:valueColor = (0.92156863, 0.92156863, 0.92156863, 1)
        }

        def RigExecPickerButton "b_R_MiddleTip" (
            customData = {
                dictionary blender = {
                    string[] controlNames = ["FK-Finger_Middle3.R"]
                }
            }
        )
        {
            custom rel rigExec:picker:mirror = </Template/Body/b_L_MiddleTip>
            uniform float ui:depth = 0.0033
            uniform color4f ui:fill = (0.28235295, 0.5921569, 0.88235295, 1)
            uniform float2 ui:position = (54, 232)
            uniform float ui:roundness = 2
            uniform token ui:shape = "rectangle"
            uniform float2 ui:size = (12, 11)
            uniform color4f ui:stroke = (0.12156863, 0.12156863, 0.12156863, 1)
            uniform color4f ui:valueColor = (0.92156863, 0.92156863, 0.92156863, 1)
        }

        def RigExecPickerButton "b_L_IndexMeta_x4" (
            customData = {
                dictionary blender = {
                    string[] controlNames = ["FK-Finger_Index_Carpal.L", "FK-Finger_Middle_Carpal.L", "FK-Finger_Ring_Carpal.L", "FK-Finger_Pinky_Carpal.L"]
                }
            }
        )
        {
            custom rel rigExec:picker:mirror = </Template/Body/b_R_IndexMeta_x4>
            uniform float ui:depth = 0.0034
            uniform color4f ui:fill = (0.69803923, 0.69803923, 0.69803923, 0.24705882)
            uniform float2 ui:position = (391, 199)
            uniform float ui:roundness = 2
            uniform token ui:shape = "rectangle"
            uniform float2 ui:size = (12, 11)
            uniform color4f ui:stroke = (0.12156863, 0.12156863, 0.12156863, 1)
            uniform color4f ui:valueColor = (0.92156863, 0.92156863, 0.92156863, 1)
        }

        def RigExecPickerButton "b_L_IndexMeta" (
            customData = {
                dictionary blender = {
                    string[] controlNames = ["FK-Finger_Index_Carpal.L"]
                }
            }
        )
        {
            custom rel rigExec:picker:mirror = </Template/Body/b_R_IndexMeta>
            uniform float ui:depth = 0.0034
            uniform color4f ui:fill = (0.60784316, 0.7176471, 0.8392157, 1)
            uniform float2 ui:position = (338, 199)
            uniform float ui:roundness = 2
            uniform token ui:shape = "rectangle"
            uniform float2 ui:size = (12, 11)
            uniform color4f ui:stroke = (0.12156863, 0.12156863, 0.12156863, 1)
            uniform color4f ui:valueColor = (0.92156863, 0.92156863, 0.92156863, 1)
        }

        def RigExecPickerButton "b_R_IndexMeta_x4" (
            customData = {
                dictionary blender = {
                    string[] controlNames = ["FK-Finger_Index_Carpal.R", "FK-Finger_Middle_Carpal.R", "FK-Finger_Ring_Carpal.R", "FK-Finger_Pinky_Carpal.R"]
                }
            }
        )
        {
            custom rel rigExec:picker:mirror = </Template/Body/b_L_IndexMeta_x4>
            uniform float ui:depth = 0.0034
            uniform color4f ui:fill = (0.69803923, 0.69803923, 0.69803923, 0.24705882)
            uniform float2 ui:position = (14, 199)
            uniform float ui:roundness = 2
            uniform token ui:shape = "rectangle"
            uniform float2 ui:size = (12, 11)
            uniform color4f ui:stroke = (0.12156863, 0.12156863, 0.12156863, 1)
            uniform color4f ui:valueColor = (0.92156863, 0.92156863, 0.92156863, 1)
        }

        def RigExecPickerButton "b_R_IndexMeta" (
            customData = {
                dictionary blender = {
                    string[] controlNames = ["FK-Finger_Index_Carpal.R"]
                }
            }
        )
        {
            custom rel rigExec:picker:mirror = </Template/Body/b_L_IndexMeta>
            uniform float ui:depth = 0.0034
            uniform color4f ui:fill = (0.60784316, 0.7176471, 0.8392157, 1)
            uniform float2 ui:position = (67, 199)
            uniform float ui:roundness = 2
            uniform token ui:shape = "rectangle"
            uniform float2 ui:size = (12, 11)
            uniform color4f ui:stroke = (0.12156863, 0.12156863, 0.12156863, 1)
            uniform color4f ui:valueColor = (0.92156863, 0.92156863, 0.92156863, 1)
        }

        def RigExecPickerButton "b_R_IndexBase_x4" (
            customData = {
                dictionary blender = {
                    string[] controlNames = ["FK-Finger_Index1.R", "FK-Finger_Middle1.R", "FK-Finger_Ring1.R", "FK-Finger_Pinky1.R"]
                }
            }
        )
        {
            custom rel rigExec:picker:mirror = </Template/Body/b_L_IndexBase_x4>
            uniform float ui:depth = 0.0035
            uniform color4f ui:fill = (0.69803923, 0.69803923, 0.69803923, 0.24705882)
            uniform float2 ui:position = (14, 210)
            uniform float ui:roundness = 2
            uniform token ui:shape = "rectangle"
            uniform float2 ui:size = (12, 11)
            uniform color4f ui:stroke = (0.12156863, 0.12156863, 0.12156863, 1)
            uniform color4f ui:valueColor = (0.92156863, 0.92156863, 0.92156863, 1)
        }

        def RigExecPickerButton "b_R_IndexBase" (
            customData = {
                dictionary blender = {
                    string[] controlNames = ["FK-Finger_Index1.R"]
                }
            }
        )
        {
            custom rel rigExec:picker:mirror = </Template/Body/b_L_IndexBase>
            uniform float ui:depth = 0.0035
            uniform color4f ui:fill = (0.28235295, 0.5921569, 0.88235295, 1)
            uniform float2 ui:position = (67, 210)
            uniform float ui:roundness = 2
            uniform token ui:shape = "rectangle"
            uniform float2 ui:size = (12, 11)
            uniform color4f ui:stroke = (0.12156863, 0.12156863, 0.12156863, 1)
            uniform color4f ui:valueColor = (0.92156863, 0.92156863, 0.92156863, 1)
        }

        def RigExecPickerButton "b_L_IndexBase" (
            customData = {
                dictionary blender = {
                    string[] controlNames = ["FK-Finger_Index1.L"]
                }
            }
        )
        {
            custom rel rigExec:picker:mirror = </Template/Body/b_R_IndexBase>
            uniform float ui:depth = 0.0035
            uniform color4f ui:fill = (0.28235295, 0.5921569, 0.88235295, 1)
            uniform float2 ui:position = (338, 210)
            uniform float ui:roundness = 2
            uniform token ui:shape = "rectangle"
            uniform float2 ui:size = (12, 11)
            uniform color4f ui:stroke = (0.12156863, 0.12156863, 0.12156863, 1)
            uniform color4f ui:valueColor = (0.92156863, 0.92156863, 0.92156863, 1)
        }

        def RigExecPickerButton "b_L_IndexBase_x4" (
            customData = {
                dictionary blender = {
                    string[] controlNames = ["FK-Finger_Index1.L", "FK-Finger_Middle1.L", "FK-Finger_Ring1.L", "FK-Finger_Pinky1.L"]
                }
            }
        )
        {
            custom rel rigExec:picker:mirror = </Template/Body/b_R_IndexBase_x4>
            uniform float ui:depth = 0.0035
            uniform color4f ui:fill = (0.69803923, 0.69803923, 0.69803923, 0.24705882)
            uniform float2 ui:position = (391, 210)
            uniform float ui:roundness = 2
            uniform token ui:shape = "rectangle"
            uniform float2 ui:size = (12, 11)
            uniform color4f ui:stroke = (0.12156863, 0.12156863, 0.12156863, 1)
            uniform color4f ui:valueColor = (0.92156863, 0.92156863, 0.92156863, 1)
        }

        def RigExecPickerButton "b_L_IndexMid" (
            customData = {
                dictionary blender = {
                    string[] controlNames = ["FK-Finger_Index2.L"]
                }
            }
        )
        {
            custom rel rigExec:picker:mirror = </Template/Body/b_R_IndexMid>
            uniform float ui:depth = 0.0036
            uniform color4f ui:fill = (0.28235295, 0.5921569, 0.88235295, 1)
            uniform float2 ui:position = (338, 221)
            uniform float ui:roundness = 2
            uniform token ui:shape = "rectangle"
            uniform float2 ui:size = (12, 11)
            uniform color4f ui:stroke = (0.12156863, 0.12156863, 0.12156863, 1)
            uniform color4f ui:valueColor = (0.92156863, 0.92156863, 0.92156863, 1)
        }

        def RigExecPickerButton "b_L_IndexMid_x4" (
            customData = {
                dictionary blender = {
                    string[] controlNames = ["FK-Finger_Index2.L", "FK-Finger_Middle2.L", "FK-Finger_Ring2.L", "FK-Finger_Pinky2.L"]
                }
            }
        )
        {
            custom rel rigExec:picker:mirror = </Template/Body/b_R_IndexMid_x4>
            uniform float ui:depth = 0.0036
            uniform color4f ui:fill = (0.69803923, 0.69803923, 0.69803923, 0.24705882)
            uniform float2 ui:position = (391, 221)
            uniform float ui:roundness = 2
            uniform token ui:shape = "rectangle"
            uniform float2 ui:size = (12, 11)
            uniform color4f ui:stroke = (0.12156863, 0.12156863, 0.12156863, 1)
            uniform color4f ui:valueColor = (0.92156863, 0.92156863, 0.92156863, 1)
        }

        def RigExecPickerButton "b_R_IndexMid_x4" (
            customData = {
                dictionary blender = {
                    string[] controlNames = ["FK-Finger_Index2.R", "FK-Finger_Middle2.R", "FK-Finger_Ring2.R", "FK-Finger_Pinky2.R"]
                }
            }
        )
        {
            custom rel rigExec:picker:mirror = </Template/Body/b_L_IndexMid_x4>
            uniform float ui:depth = 0.0036
            uniform color4f ui:fill = (0.69803923, 0.69803923, 0.69803923, 0.24705882)
            uniform float2 ui:position = (14, 221)
            uniform float ui:roundness = 2
            uniform token ui:shape = "rectangle"
            uniform float2 ui:size = (12, 11)
            uniform color4f ui:stroke = (0.12156863, 0.12156863, 0.12156863, 1)
            uniform color4f ui:valueColor = (0.92156863, 0.92156863, 0.92156863, 1)
        }

        def RigExecPickerButton "b_R_IndexMid" (
            customData = {
                dictionary blender = {
                    string[] controlNames = ["FK-Finger_Index2.R"]
                }
            }
        )
        {
            custom rel rigExec:picker:mirror = </Template/Body/b_L_IndexMid>
            uniform float ui:depth = 0.0036
            uniform color4f ui:fill = (0.28235295, 0.5921569, 0.88235295, 1)
            uniform float2 ui:position = (67, 221)
            uniform float ui:roundness = 2
            uniform token ui:shape = "rectangle"
            uniform float2 ui:size = (12, 11)
            uniform color4f ui:stroke = (0.12156863, 0.12156863, 0.12156863, 1)
            uniform color4f ui:valueColor = (0.92156863, 0.92156863, 0.92156863, 1)
        }

        def RigExecPickerButton "b_L_IndexTip_x4" (
            customData = {
                dictionary blender = {
                    string[] controlNames = ["FK-Finger_Index3.L", "FK-Finger_Middle3.L", "FK-Finger_Ring3.L", "FK-Finger_Pinky3.L"]
                }
            }
        )
        {
            custom rel rigExec:picker:mirror = </Template/Body/b_R_IndexTip_x4>
            uniform float ui:depth = 0.0037
            uniform color4f ui:fill = (0.69803923, 0.69803923, 0.69803923, 0.24705882)
            uniform float2 ui:position = (391, 232)
            uniform float ui:roundness = 2
            uniform token ui:shape = "rectangle"
            uniform float2 ui:size = (12, 11)
            uniform color4f ui:stroke = (0.12156863, 0.12156863, 0.12156863, 1)
            uniform color4f ui:valueColor = (0.92156863, 0.92156863, 0.92156863, 1)
        }

        def RigExecPickerButton "b_L_IndexTip" (
            customData = {
                dictionary blender = {
                    string[] controlNames = ["FK-Finger_Index3.L"]
                }
            }
        )
        {
            custom rel rigExec:picker:mirror = </Template/Body/b_R_IndexTip>
            uniform float ui:depth = 0.0037
            uniform color4f ui:fill = (0.28235295, 0.5921569, 0.88235295, 1)
            uniform float2 ui:position = (338, 232)
            uniform float ui:roundness = 2
            uniform token ui:shape = "rectangle"
            uniform float2 ui:size = (12, 11)
            uniform color4f ui:stroke = (0.12156863, 0.12156863, 0.12156863, 1)
            uniform color4f ui:valueColor = (0.92156863, 0.92156863, 0.92156863, 1)
        }

        def RigExecPickerButton "b_R_IndexTip_x4" (
            customData = {
                dictionary blender = {
                    string[] controlNames = ["FK-Finger_Index3.R", "FK-Finger_Middle3.R", "FK-Finger_Ring3.R", "FK-Finger_Pinky3.R"]
                }
            }
        )
        {
            custom rel rigExec:picker:mirror = </Template/Body/b_L_IndexTip_x4>
            uniform float ui:depth = 0.0037
            uniform color4f ui:fill = (0.69803923, 0.69803923, 0.69803923, 0.24705882)
            uniform float2 ui:position = (14, 232)
            uniform float ui:roundness = 2
            uniform token ui:shape = "rectangle"
            uniform float2 ui:size = (12, 11)
            uniform color4f ui:stroke = (0.12156863, 0.12156863, 0.12156863, 1)
            uniform color4f ui:valueColor = (0.92156863, 0.92156863, 0.92156863, 1)
        }

        def RigExecPickerButton "b_R_IndexTip" (
            customData = {
                dictionary blender = {
                    string[] controlNames = ["FK-Finger_Index3.R"]
                }
            }
        )
        {
            custom rel rigExec:picker:mirror = </Template/Body/b_L_IndexTip>
            uniform float ui:depth = 0.0037
            uniform color4f ui:fill = (0.28235295, 0.5921569, 0.88235295, 1)
            uniform float2 ui:position = (67, 232)
            uniform float ui:roundness = 2
            uniform token ui:shape = "rectangle"
            uniform float2 ui:size = (12, 11)
            uniform color4f ui:stroke = (0.12156863, 0.12156863, 0.12156863, 1)
            uniform color4f ui:valueColor = (0.92156863, 0.92156863, 0.92156863, 1)
        }

        def RigExecPickerButton "t_Hand" (
            customData = {
                dictionary blender = {
                    bool unavailable = 1
                    string unsupportedReason = "No corresponding source control for this template slot"
                }
            }
        )
        {
            custom rel rigExec:picker:mirror = </Template/Body/t_Hand_2>
            uniform float ui:depth = 0.0038
            uniform color4f ui:fill = (0.24, 0.24, 0.24, 0.35)
            uniform float ui:fontSize = 12
            uniform float2 ui:position = (325, 80)
            uniform float ui:roundness = 2
            uniform token ui:shape = "widgetControl"
            uniform float2 ui:size = (70, 20)
            uniform color4f ui:stroke = (0, 0, 0, 0.78431374)
            uniform float ui:strokeWidth = 0
            uniform string ui:text = "Hand (unavailable)"
            uniform token ui:textAlign = "right"
            uniform color4f ui:textColor = (0.5, 0.5, 0.5, 0.5)
            uniform color4f ui:valueColor = (0.8352941, 0.78431374, 0.09803922, 1)
        }

        def RigExecPickerButton "t_Foot" (
            customData = {
                dictionary blender = {
                    bool unavailable = 1
                    string unsupportedReason = "No corresponding source control for this template slot"
                }
            }
        )
        {
            custom rel rigExec:picker:mirror = </Template/Body/t_Foot_2>
            uniform float ui:depth = 0.0038
            uniform color4f ui:fill = (0.24, 0.24, 0.24, 0.35)
            uniform float ui:fontSize = 12
            uniform float2 ui:position = (288, 384)
            uniform float ui:roundness = 2
            uniform token ui:shape = "widgetControl"
            uniform float2 ui:size = (70, 20)
            uniform color4f ui:stroke = (0, 0, 0, 0.78431374)
            uniform float ui:strokeWidth = 0
            uniform string ui:text = "Foot (unavailable)"
            uniform token ui:textAlign = "right"
            uniform color4f ui:textColor = (0.5, 0.5, 0.5, 0.5)
            uniform color4f ui:valueColor = (0.8352941, 0.78431374, 0.09803922, 1)
        }

        def RigExecPickerButton "t_Hand_2" (
            customData = {
                dictionary blender = {
                    bool unavailable = 1
                    string unsupportedReason = "No corresponding source control for this template slot"
                }
            }
        )
        {
            custom rel rigExec:picker:mirror = </Template/Body/t_Hand>
            uniform float ui:depth = 0.0038
            uniform color4f ui:fill = (0.24, 0.24, 0.24, 0.35)
            uniform float ui:fontSize = 12
            uniform float2 ui:position = (22, 80)
            uniform float ui:roundness = 2
            uniform token ui:shape = "widgetControl"
            uniform float2 ui:size = (70, 20)
            uniform color4f ui:stroke = (0, 0, 0, 0.78431374)
            uniform float ui:strokeWidth = 0
            uniform string ui:text = "Hand (unavailable)"
            uniform token ui:textAlign = "left"
            uniform color4f ui:textColor = (0.5, 0.5, 0.5, 0.5)
            uniform color4f ui:valueColor = (0.8352941, 0.78431374, 0.09803922, 1)
        }

        def RigExecPickerButton "t_Foot_2" (
            customData = {
                dictionary blender = {
                    bool unavailable = 1
                    string unsupportedReason = "No corresponding source control for this template slot"
                }
            }
        )
        {
            custom rel rigExec:picker:mirror = </Template/Body/t_Foot>
            uniform float ui:depth = 0.0038
            uniform color4f ui:fill = (0.24, 0.24, 0.24, 0.35)
            uniform float ui:fontSize = 12
            uniform float2 ui:position = (62, 382)
            uniform float ui:roundness = 2
            uniform token ui:shape = "widgetControl"
            uniform float2 ui:size = (67, 24)
            uniform color4f ui:stroke = (0, 0, 0, 0.78431374)
            uniform float ui:strokeWidth = 0
            uniform string ui:text = "Foot (unavailable)"
            uniform token ui:textAlign = "left"
            uniform color4f ui:textColor = (0.5, 0.5, 0.5, 0.5)
            uniform color4f ui:valueColor = (0.8352941, 0.78431374, 0.09803922, 1)
        }

        def RigExecPickerButton "b_R_UpArm" (
            customData = {
                dictionary blender = {
                    string[] controlNames = ["FK-UpperArm.R"]
                }
            }
        )
        {
            custom rel rigExec:picker:mirror = </Template/Body/b_L_UpArm>
            uniform float ui:depth = 0.0043
            uniform color4f ui:fill = (0.28235295, 0.5921569, 0.88235295, 1)
            uniform float2 ui:position = (124, 133)
            uniform float ui:roundness = 2
            uniform token ui:shape = "rectangle"
            uniform float2 ui:size = (35, 20)
            uniform color4f ui:stroke = (0.12156863, 0.12156863, 0.12156863, 1)
            uniform color4f ui:valueColor = (0.92156863, 0.92156863, 0.92156863, 1)
        }

        def RigExecPickerButton "b_R_Hand" (
            customData = {
                dictionary blender = {
                    string[] controlNames = ["FK-Wrist.R"]
                }
            }
        )
        {
            uniform float ui:depth = 0.0043
            uniform color4f ui:fill = (0.28235295, 0.5921569, 0.88235295, 1)
            uniform float2 ui:position = (43, 127)
            uniform float ui:roundness = 2
            uniform token ui:shape = "hexagon"
            uniform float2 ui:size = (30, 30)
            uniform color4f ui:stroke = (0.12156863, 0.12156863, 0.12156863, 1)
            uniform color4f ui:valueColor = (0.92156863, 0.92156863, 0.92156863, 1)
        }

        def RigExecPickerButton "b_L_LoArm" (
            customData = {
                dictionary blender = {
                    string[] controlNames = ["FK-Forearm.L"]
                }
            }
        )
        {
            custom rel rigExec:picker:mirror = </Template/Body/b_R_LoArm>
            uniform float ui:depth = 0.0043
            uniform color4f ui:fill = (0.28235295, 0.5921569, 0.88235295, 1)
            uniform float2 ui:position = (302, 133)
            uniform float ui:roundness = 2
            uniform token ui:shape = "rectangle"
            uniform float2 ui:size = (35, 20)
            uniform color4f ui:stroke = (0.12156863, 0.12156863, 0.12156863, 1)
            uniform color4f ui:valueColor = (0.92156863, 0.92156863, 0.92156863, 1)
        }

        def RigExecPickerButton "b_L_Hand" (
            customData = {
                dictionary blender = {
                    string[] controlNames = ["FK-Wrist.L"]
                }
            }
        )
        {
            uniform float ui:depth = 0.0043
            uniform color4f ui:fill = (0.28235295, 0.5921569, 0.88235295, 1)
            uniform float2 ui:position = (344, 127)
            uniform float ui:roundness = 2
            uniform token ui:shape = "hexagon"
            uniform float2 ui:size = (30, 30)
            uniform color4f ui:stroke = (0.12156863, 0.12156863, 0.12156863, 1)
            uniform color4f ui:valueColor = (0.92156863, 0.92156863, 0.92156863, 1)
        }

        def RigExecPickerButton "b_L_UpArm" (
            customData = {
                dictionary blender = {
                    string[] controlNames = ["FK-UpperArm.L"]
                }
            }
        )
        {
            custom rel rigExec:picker:mirror = </Template/Body/b_R_UpArm>
            uniform float ui:depth = 0.0043
            uniform color4f ui:fill = (0.28235295, 0.5921569, 0.88235295, 1)
            uniform float2 ui:position = (258, 133)
            uniform float ui:roundness = 2
            uniform token ui:shape = "rectangle"
            uniform float2 ui:size = (35, 20)
            uniform color4f ui:stroke = (0.12156863, 0.12156863, 0.12156863, 1)
            uniform color4f ui:valueColor = (0.92156863, 0.92156863, 0.92156863, 1)
        }

        def RigExecPickerButton "b_R_LoArm" (
            customData = {
                dictionary blender = {
                    string[] controlNames = ["FK-Forearm.R"]
                }
            }
        )
        {
            custom rel rigExec:picker:mirror = </Template/Body/b_L_LoArm>
            uniform float ui:depth = 0.0043
            uniform color4f ui:fill = (0.28235295, 0.5921569, 0.88235295, 1)
            uniform float2 ui:position = (80, 133)
            uniform float ui:roundness = 2
            uniform token ui:shape = "rectangle"
            uniform float2 ui:size = (35, 20)
            uniform color4f ui:stroke = (0.12156863, 0.12156863, 0.12156863, 1)
            uniform color4f ui:valueColor = (0.92156863, 0.92156863, 0.92156863, 1)
        }

        def RigExecPickerButton "b_L_Eye" (
            customData = {
                dictionary blender = {
                    string[] controlNames = ["CTR-Eye.L"]
                }
            }
        )
        {
            custom rel rigExec:picker:mirror = </Template/Body/b_R_Eye>
            uniform float ui:depth = 0.0302
            uniform color4f ui:fill = (0.36862746, 0.23921569, 0.42352942, 1)
            uniform float2 ui:position = (223, 70)
            uniform token ui:shape = "circle"
            uniform float2 ui:size = (12, 12)
            uniform color4f ui:stroke = (0.12156863, 0.12156863, 0.12156863, 1)
            uniform color4f ui:valueColor = (0.92156863, 0.92156863, 0.92156863, 1)
        }

        def RigExecPickerButton "b_R_Eye" (
            customData = {
                dictionary blender = {
                    string[] controlNames = ["CTR-Eye.R"]
                }
            }
        )
        {
            custom rel rigExec:picker:mirror = </Template/Body/b_L_Eye>
            uniform float ui:depth = 0.0302
            uniform color4f ui:fill = (0.36862746, 0.23921569, 0.42352942, 1)
            uniform float2 ui:position = (182, 70)
            uniform token ui:shape = "circle"
            uniform float2 ui:size = (12, 12)
            uniform color4f ui:stroke = (0.12156863, 0.12156863, 0.12156863, 1)
            uniform color4f ui:valueColor = (0.92156863, 0.92156863, 0.92156863, 1)
        }

        def RigExecPickerButton "b_M_LookRot" (
            customData = {
                dictionary blender = {
                    bool unavailable = 1
                    string unsupportedReason = "No corresponding source control for this template slot"
                }
            }
        )
        {
            uniform float ui:depth = 0.0303
            uniform color4f ui:fill = (0.24, 0.24, 0.24, 0.35)
            uniform float2 ui:position = (196, 64)
            uniform token ui:shape = "circle"
            uniform float2 ui:size = (24, 24)
            uniform color4f ui:stroke = (0.12156863, 0.12156863, 0.12156863, 1)
            uniform color4f ui:valueColor = (0.92156863, 0.92156863, 0.92156863, 1)
        }

        def RigExecPickerButton "t_Uman"
        {
            uniform float ui:depth = 0.0313
            uniform color4f ui:fill = (0.627451, 0.627451, 0.6431373, 1)
            uniform float ui:fontSize = 12
            uniform float2 ui:position = (15, 38)
            uniform float ui:roundness = 2
            uniform token ui:shape = "rectangle"
            uniform float2 ui:size = (60, 30)
            uniform color4f ui:stroke = (0, 0, 0, 0.78431374)
            uniform float ui:strokeWidth = 0
            uniform string ui:text = "Uman"
            uniform color4f ui:textColor = (0.09803922, 0.09803922, 0.09803922, 0.47843137)
            uniform color4f ui:valueColor = (0.92156863, 0.92156863, 0.92156863, 1)
        }

        def RigExecPickerButton "b_L_LegIK" (
            customData = {
                dictionary blender = {
                    string[] controlNames = ["IK-MSTR-C-Foot.L"]
                }
            }
        )
        {
            custom rel rigExec:picker:mirror = </Template/Body/b_R_LegIK>
            uniform float ui:depth = 0.0331
            uniform color4f ui:fill = (0.6, 1, 0.4, 1)
            uniform float2 ui:position = (216, 402)
            uniform float ui:roundness = 2
            uniform token ui:shape = "rectangle"
            uniform float2 ui:size = (27, 27)
            uniform color4f ui:stroke = (0.12156863, 0.12156863, 0.12156863, 1)
            uniform color4f ui:valueColor = (0.92156863, 0.92156863, 0.92156863, 1)
        }

        def RigExecPickerButton "b_R_LegIK" (
            customData = {
                dictionary blender = {
                    string[] controlNames = ["IK-MSTR-C-Foot.R"]
                }
            }
        )
        {
            custom rel rigExec:picker:mirror = </Template/Body/b_L_LegIK>
            uniform float ui:depth = 0.0331
            uniform color4f ui:fill = (0.6, 1, 0.4, 1)
            uniform float2 ui:position = (174, 402)
            uniform float ui:roundness = 2
            uniform token ui:shape = "rectangle"
            uniform float2 ui:size = (27, 27)
            uniform color4f ui:stroke = (0.12156863, 0.12156863, 0.12156863, 1)
            uniform color4f ui:valueColor = (0.92156863, 0.92156863, 0.92156863, 1)
        }

        def RigExecPickerButton "b_R_ArmIK" (
            customData = {
                dictionary blender = {
                    string[] controlNames = ["IK-MSTR-C-Wrist.R"]
                }
            }
        )
        {
            uniform bool ui:alternate = 1
            uniform float ui:depth = 0.0332
            uniform color4f ui:fill = (0.6, 1, 0.4, 1)
            uniform float2 ui:position = (43, 127)
            uniform float ui:roundness = 2
            uniform token ui:shape = "hexagon"
            uniform float2 ui:size = (30, 30)
            uniform color4f ui:stroke = (0.12156863, 0.12156863, 0.12156863, 1)
            uniform color4f ui:valueColor = (0.92156863, 0.92156863, 0.92156863, 1)
        }

        def RigExecPickerButton "b_R_LegPV" (
            customData = {
                dictionary blender = {
                    string[] controlNames = ["IK-POLE-Leg.R"]
                }
            }
        )
        {
            custom rel rigExec:picker:mirror = </Template/Body/b_L_LegPV>
            uniform float ui:depth = 0.0332
            uniform color4f ui:fill = (0.6, 1, 0.4, 1)
            uniform float2 ui:position = (179, 331)
            uniform token ui:shape = "circle"
            uniform float2 ui:size = (17, 10)
            uniform color4f ui:stroke = (0.12156863, 0.12156863, 0.12156863, 1)
            uniform color4f ui:valueColor = (0.92156863, 0.92156863, 0.92156863, 1)
        }

        def RigExecPickerButton "b_L_LegPV" (
            customData = {
                dictionary blender = {
                    string[] controlNames = ["IK-POLE-Leg.L"]
                }
            }
        )
        {
            custom rel rigExec:picker:mirror = </Template/Body/b_R_LegPV>
            uniform float ui:depth = 0.0332
            uniform color4f ui:fill = (0.6, 1, 0.4, 1)
            uniform float2 ui:position = (221, 331)
            uniform token ui:shape = "circle"
            uniform float2 ui:size = (17, 10)
            uniform color4f ui:stroke = (0.12156863, 0.12156863, 0.12156863, 1)
            uniform color4f ui:valueColor = (0.92156863, 0.92156863, 0.92156863, 1)
        }

        def RigExecPickerButton "b_L_ArmIK" (
            customData = {
                dictionary blender = {
                    string[] controlNames = ["IK-MSTR-C-Wrist.L"]
                }
            }
        )
        {
            uniform bool ui:alternate = 1
            uniform float ui:depth = 0.0332
            uniform color4f ui:fill = (0.6, 1, 0.4, 1)
            uniform float2 ui:position = (344, 127)
            uniform float ui:roundness = 2
            uniform token ui:shape = "hexagon"
            uniform float2 ui:size = (30, 30)
            uniform color4f ui:stroke = (0.12156863, 0.12156863, 0.12156863, 1)
            uniform color4f ui:valueColor = (0.92156863, 0.92156863, 0.92156863, 1)
        }

        def RigExecPickerButton "b_R_ArmPV" (
            customData = {
                dictionary blender = {
                    string[] controlNames = ["IK-POLE-Arm.R"]
                }
            }
        )
        {
            custom rel rigExec:picker:mirror = </Template/Body/b_L_ArmPV>
            uniform float ui:depth = 0.0333
            uniform color4f ui:fill = (0.6, 1, 0.4, 1)
            uniform float2 ui:position = (114, 136)
            uniform token ui:shape = "circle"
            uniform float2 ui:size = (10, 10)
            uniform color4f ui:stroke = (0.12156863, 0.12156863, 0.12156863, 1)
            uniform color4f ui:valueColor = (0.92156863, 0.92156863, 0.92156863, 1)
        }

        def RigExecPickerButton "b_L_ArmPV" (
            customData = {
                dictionary blender = {
                    string[] controlNames = ["IK-POLE-Arm.L"]
                }
            }
        )
        {
            custom rel rigExec:picker:mirror = </Template/Body/b_R_ArmPV>
            uniform float ui:depth = 0.0333
            uniform color4f ui:fill = (0.6, 1, 0.4, 1)
            uniform float2 ui:position = (293, 136)
            uniform token ui:shape = "circle"
            uniform float2 ui:size = (10, 10)
            uniform color4f ui:stroke = (0.12156863, 0.12156863, 0.12156863, 1)
            uniform color4f ui:valueColor = (0.92156863, 0.92156863, 0.92156863, 1)
        }

        def RigExecPickerButton "b_R_Foot" (
            customData = {
                dictionary blender = {
                    string[] controlNames = ["FK-W-Foot.R"]
                }
            }
        )
        {
            custom rel rigExec:picker:mirror = </Template/Body/b_L_Foot>
            uniform float ui:depth = 0.0334
            uniform color4f ui:fill = (0.28235295, 0.5921569, 0.88235295, 1)
            uniform float2 ui:position = (173, 401)
            uniform float ui:roundness = 2
            uniform token ui:shape = "rectangle"
            uniform float2 ui:size = (27, 27)
            uniform color4f ui:stroke = (0.12156863, 0.12156863, 0.12156863, 1)
            uniform color4f ui:valueColor = (0.92156863, 0.92156863, 0.92156863, 1)
        }

        def RigExecPickerButton "b_L_Foot" (
            customData = {
                dictionary blender = {
                    string[] controlNames = ["FK-W-Foot.L"]
                }
            }
        )
        {
            custom rel rigExec:picker:mirror = </Template/Body/b_R_Foot>
            uniform float ui:depth = 0.0334
            uniform color4f ui:fill = (0.28235295, 0.5921569, 0.88235295, 1)
            uniform float2 ui:position = (217, 401)
            uniform float ui:roundness = 2
            uniform token ui:shape = "rectangle"
            uniform float2 ui:size = (27, 27)
            uniform color4f ui:stroke = (0.12156863, 0.12156863, 0.12156863, 1)
            uniform color4f ui:valueColor = (0.92156863, 0.92156863, 0.92156863, 1)
        }

        def RigExecPickerButton "b_R_LoLeg" (
            customData = {
                dictionary blender = {
                    string[] controlNames = ["FK-Knee.R"]
                }
            }
        )
        {
            custom rel rigExec:picker:mirror = </Template/Body/b_L_LoLeg>
            uniform float ui:depth = 0.0335
            uniform color4f ui:fill = (0.28235295, 0.5921569, 0.88235295, 1)
            uniform float2 ui:position = (174, 347)
            uniform float ui:roundness = 2
            uniform token ui:shape = "rectangle"
            uniform float2 ui:size = (26, 50)
            uniform color4f ui:stroke = (0.12156863, 0.12156863, 0.12156863, 1)
            uniform color4f ui:valueColor = (0.92156863, 0.92156863, 0.92156863, 1)
        }

        def RigExecPickerButton "b_L_LoLeg" (
            customData = {
                dictionary blender = {
                    string[] controlNames = ["FK-Knee.L"]
                }
            }
        )
        {
            custom rel rigExec:picker:mirror = </Template/Body/b_R_LoLeg>
            uniform float ui:depth = 0.0335
            uniform color4f ui:fill = (0.28235295, 0.5921569, 0.88235295, 1)
            uniform float2 ui:position = (217, 347)
            uniform float ui:roundness = 2
            uniform token ui:shape = "rectangle"
            uniform float2 ui:size = (26, 50)
            uniform color4f ui:stroke = (0.12156863, 0.12156863, 0.12156863, 1)
            uniform color4f ui:valueColor = (0.92156863, 0.92156863, 0.92156863, 1)
        }

        def RigExecPickerButton "b_R_UpLeg" (
            customData = {
                dictionary blender = {
                    string[] controlNames = ["FK-Thigh.R"]
                }
            }
        )
        {
            custom rel rigExec:picker:mirror = </Template/Body/b_L_UpLeg>
            uniform float ui:depth = 0.0336
            uniform color4f ui:fill = (0.28235295, 0.5921569, 0.88235295, 1)
            uniform float2 ui:position = (173, 293)
            uniform float ui:roundness = 2
            uniform token ui:shape = "rectangle"
            uniform float2 ui:size = (27, 50)
            uniform color4f ui:stroke = (0.12156863, 0.12156863, 0.12156863, 1)
            uniform color4f ui:valueColor = (0.92156863, 0.92156863, 0.92156863, 1)
        }

        def RigExecPickerButton "b_L_UpLeg" (
            customData = {
                dictionary blender = {
                    string[] controlNames = ["FK-Thigh.L"]
                }
            }
        )
        {
            custom rel rigExec:picker:mirror = </Template/Body/b_R_UpLeg>
            uniform float ui:depth = 0.0336
            uniform color4f ui:fill = (0.28235295, 0.5921569, 0.88235295, 1)
            uniform float2 ui:position = (217, 293)
            uniform float ui:roundness = 2
            uniform token ui:shape = "rectangle"
            uniform float2 ui:size = (27, 50)
            uniform color4f ui:stroke = (0.12156863, 0.12156863, 0.12156863, 1)
            uniform color4f ui:valueColor = (0.92156863, 0.92156863, 0.92156863, 1)
        }

        def RigExecPickerButton "b_R_UpLegSwing" (
            customData = {
                dictionary blender = {
                    bool unavailable = 1
                    string unsupportedReason = "No corresponding source control for this template slot"
                }
            }
        )
        {
            custom rel rigExec:picker:mirror = </Template/Body/b_L_UpLegSwing>
            uniform float ui:depth = 0.0337
            uniform color4f ui:fill = (0.24, 0.24, 0.24, 0.35)
            uniform float2 ui:position = (179, 286)
            uniform token ui:shape = "circle"
            uniform float2 ui:size = (15, 15)
            uniform color4f ui:stroke = (0.12156863, 0.12156863, 0.12156863, 1)
            uniform color4f ui:valueColor = (0.92156863, 0.92156863, 0.92156863, 1)
        }

        def RigExecPickerButton "b_L_UpLegSwing" (
            customData = {
                dictionary blender = {
                    bool unavailable = 1
                    string unsupportedReason = "No corresponding source control for this template slot"
                }
            }
        )
        {
            custom rel rigExec:picker:mirror = </Template/Body/b_R_UpLegSwing>
            uniform float ui:depth = 0.0337
            uniform color4f ui:fill = (0.24, 0.24, 0.24, 0.35)
            uniform float2 ui:position = (221, 286)
            uniform token ui:shape = "circle"
            uniform float2 ui:size = (15, 15)
            uniform color4f ui:stroke = (0.12156863, 0.12156863, 0.12156863, 1)
            uniform color4f ui:valueColor = (0.92156863, 0.92156863, 0.92156863, 1)
        }

        def RigExecPickerButton "b_L_UpArmSwing" (
            customData = {
                dictionary blender = {
                    bool unavailable = 1
                    string unsupportedReason = "No corresponding source control for this template slot"
                }
            }
        )
        {
            uniform float ui:depth = 0.0338
            uniform color4f ui:fill = (0.24, 0.24, 0.24, 0.35)
            uniform float2 ui:position = (244, 146)
            uniform token ui:shape = "circle"
            uniform float2 ui:size = (15, 15)
            uniform color4f ui:stroke = (0.12156863, 0.12156863, 0.12156863, 1)
            uniform color4f ui:valueColor = (0.92156863, 0.92156863, 0.92156863, 1)
        }

        def RigExecPickerButton "b_R_Hip" (
            customData = {
                dictionary blender = {
                    string[] controlNames = ["FK-Hips.R"]
                }
            }
        )
        {
            custom rel rigExec:picker:mirror = </Template/Body/b_L_Hip>
            uniform float ui:depth = 0.0338
            uniform color4f ui:fill = (0.28235295, 0.5921569, 0.88235295, 1)
            uniform float2 ui:position = (175, 278)
            uniform float ui:roundness = 2
            uniform token ui:shape = "rectangle"
            uniform float2 ui:size = (25, 10)
            uniform color4f ui:stroke = (0.12156863, 0.12156863, 0.12156863, 1)
            uniform color4f ui:valueColor = (0.92156863, 0.92156863, 0.92156863, 1)
        }

        def RigExecPickerButton "b_L_Hip" (
            customData = {
                dictionary blender = {
                    string[] controlNames = ["FK-Hips.L"]
                }
            }
        )
        {
            custom rel rigExec:picker:mirror = </Template/Body/b_R_Hip>
            uniform float ui:depth = 0.0338
            uniform color4f ui:fill = (0.28235295, 0.5921569, 0.88235295, 1)
            uniform float2 ui:position = (217, 278)
            uniform float ui:roundness = 2
            uniform token ui:shape = "rectangle"
            uniform float2 ui:size = (25, 10)
            uniform color4f ui:stroke = (0.12156863, 0.12156863, 0.12156863, 1)
            uniform color4f ui:valueColor = (0.92156863, 0.92156863, 0.92156863, 1)
        }

        def RigExecPickerButton "b_R_UpArmSwing" (
            customData = {
                dictionary blender = {
                    bool unavailable = 1
                    string unsupportedReason = "No corresponding source control for this template slot"
                }
            }
        )
        {
            uniform float ui:depth = 0.0338
            uniform color4f ui:fill = (0.24, 0.24, 0.24, 0.35)
            uniform float2 ui:position = (157, 146)
            uniform token ui:shape = "circle"
            uniform float2 ui:size = (15, 15)
            uniform color4f ui:stroke = (0.12156863, 0.12156863, 0.12156863, 1)
            uniform color4f ui:valueColor = (0.92156863, 0.92156863, 0.92156863, 1)
        }

        def RigExecPickerButton "b_L_Arm" (
            customData = {
                dictionary blender = {
                    bool unavailable = 1
                    string unsupportedReason = "No corresponding source control for this template slot"
                }
            }
        )
        {
            custom rel rigExec:picker:mirror = </Template/Body/b_R_Arm>
            uniform float2[] ui:bezier = [(1, 9.27308), (1, 9.27308), (1, 9.27308), (16.8132, 9.27308), (16.8132, 9.27308), (16.8132, 9.27308), (9.02118, 1.00124), (1.22918, 0.883067), (16.8132, 1.11941)]
            uniform float ui:depth = 0.0342
            uniform color4f ui:fill = (0.24, 0.24, 0.24, 0.35)
            uniform float2 ui:position = (264, 153)
            uniform token ui:shape = "bezier"
            uniform float2 ui:size = (16, 11)
            uniform color4f ui:stroke = (0.12156863, 0.12156863, 0.12156863, 1)
            uniform color4f ui:valueColor = (0.92156863, 0.92156863, 0.92156863, 1)
        }

        def RigExecPickerButton "b_R_Arm" (
            customData = {
                dictionary blender = {
                    bool unavailable = 1
                    string unsupportedReason = "No corresponding source control for this template slot"
                }
            }
        )
        {
            custom rel rigExec:picker:mirror = </Template/Body/b_L_Arm>
            uniform float2[] ui:bezier = [(15, 9.27308), (15, 9.27308), (15, 9.27308), (-0.813191, 9.27308), (-0.813191, 9.27308), (-0.813191, 9.27308), (6.97882, 1.00124), (14.7708, 0.883067), (-0.813191, 1.11941)]
            uniform float ui:depth = 0.0342
            uniform color4f ui:fill = (0.24, 0.24, 0.24, 0.35)
            uniform float2 ui:position = (137, 153)
            uniform token ui:shape = "bezier"
            uniform float2 ui:size = (16, 11)
            uniform color4f ui:stroke = (0.12156863, 0.12156863, 0.12156863, 1)
            uniform color4f ui:valueColor = (0.92156863, 0.92156863, 0.92156863, 1)
        }

        def RigExecPickerButton "b_R_Leg" (
            customData = {
                dictionary blender = {
                    bool unavailable = 1
                    string unsupportedReason = "No corresponding source control for this template slot"
                }
            }
        )
        {
            custom rel rigExec:picker:mirror = </Template/Body/b_L_Leg>
            uniform float2[] ui:bezier = [(-0.68005, 1.02558), (-0.68005, 1.02558), (-0.68005, 1.02558), (-0.968375, 17.0276), (-0.968375, 17.0276), (-0.968375, 17.0276), (9.98799, 8.37788), (9.63105, 0.168364), (10.4205, 18.3251)]
            uniform float ui:depth = 0.0343
            uniform color4f ui:fill = (0.24, 0.24, 0.24, 0.35)
            uniform float2 ui:position = (150, 271)
            uniform token ui:shape = "bezier"
            uniform float2 ui:size = (11, 17)
            uniform color4f ui:stroke = (0.12156863, 0.12156863, 0.12156863, 1)
            uniform color4f ui:valueColor = (0.92156863, 0.92156863, 0.92156863, 1)
        }

        def RigExecPickerButton "b_L_Leg" (
            customData = {
                dictionary blender = {
                    bool unavailable = 1
                    string unsupportedReason = "No corresponding source control for this template slot"
                }
            }
        )
        {
            custom rel rigExec:picker:mirror = </Template/Body/b_R_Leg>
            uniform float2[] ui:bezier = [(11.6801, 1.02558), (11.6801, 1.02558), (11.6801, 1.02558), (11.9684, 17.0276), (11.9684, 17.0276), (11.9684, 17.0276), (1.01201, 8.37788), (1.36895, 0.168364), (0.579525, 18.3251)]
            uniform float ui:depth = 0.0343
            uniform color4f ui:fill = (0.24, 0.24, 0.24, 0.35)
            uniform float2 ui:position = (256, 271)
            uniform token ui:shape = "bezier"
            uniform float2 ui:size = (11, 17)
            uniform color4f ui:stroke = (0.12156863, 0.12156863, 0.12156863, 1)
            uniform color4f ui:valueColor = (0.92156863, 0.92156863, 0.92156863, 1)
        }

        def RigExecPickerButton "b_L_Shldr" (
            customData = {
                dictionary blender = {
                    string[] controlNames = ["FK-Shoulder.L"]
                }
            }
        )
        {
            custom rel rigExec:picker:mirror = </Template/Body/b_R_Shldr>
            uniform float ui:depth = 0.0343
            uniform color4f ui:fill = (0.28235295, 0.5921569, 0.88235295, 1)
            uniform float2 ui:position = (230, 131)
            uniform float ui:roundness = 1
            uniform token ui:shape = "trapezoid"
            uniform float2 ui:size = (20, 20)
            uniform float ui:slopeRight = -5
            uniform color4f ui:stroke = (0.12156863, 0.12156863, 0.12156863, 1)
            uniform color4f ui:valueColor = (0.92156863, 0.92156863, 0.92156863, 1)
        }

        def RigExecPickerButton "b_R_Shldr" (
            customData = {
                dictionary blender = {
                    string[] controlNames = ["FK-Shoulder.R"]
                }
            }
        )
        {
            custom rel rigExec:picker:mirror = </Template/Body/b_L_Shldr>
            uniform float ui:depth = 0.0343
            uniform color4f ui:fill = (0.28235295, 0.5921569, 0.88235295, 1)
            uniform float2 ui:position = (167, 131)
            uniform float ui:roundness = 1
            uniform token ui:shape = "trapezoid"
            uniform float2 ui:size = (20, 20)
            uniform float ui:slopeLeft = -5
            uniform color4f ui:stroke = (0.12156863, 0.12156863, 0.12156863, 1)
            uniform color4f ui:valueColor = (0.92156863, 0.92156863, 0.92156863, 1)
        }

        def RigExecPickerButton "b_M_Torso" (
            customData = {
                dictionary blender = {
                    string[] controlNames = ["MSTR-Spine_Torso"]
                }
            }
        )
        {
            uniform float ui:depth = 0.0345
            uniform color4f ui:fill = (0.47843137, 0.77254903, 0.76862746, 1)
            uniform float2 ui:position = (173, 216)
            uniform float ui:roundness = 2
            uniform token ui:shape = "rectangle"
            uniform float2 ui:size = (70, 10)
            uniform color4f ui:stroke = (0.12156863, 0.12156863, 0.12156863, 1)
            uniform color4f ui:valueColor = (0.92156863, 0.92156863, 0.92156863, 1)
        }

        def RigExecPickerButton "b_M_HipSwivel" (
            customData = {
                dictionary blender = {
                    string[] controlNames = ["MSTR-Spine_Hips"]
                }
            }
        )
        {
            uniform float ui:depth = 0.0346
            uniform color4f ui:fill = (0.28235295, 0.5921569, 0.88235295, 1)
            uniform float2 ui:position = (167, 259)
            uniform float ui:rotation = 180
            uniform float ui:roundness = 7
            uniform token ui:shape = "trapezoid"
            uniform float2 ui:size = (80, 15)
            uniform float ui:slopeLeft = 5
            uniform float ui:slopeRight = 5
            uniform color4f ui:stroke = (0.12156863, 0.12156863, 0.12156863, 1)
            uniform color4f ui:valueColor = (0.92156863, 0.92156863, 0.92156863, 1)
        }

        def RigExecPickerButton "b_M_Chest" (
            customData = {
                dictionary blender = {
                    string[] controlNames = ["MSTR-Spine_Chest"]
                }
            }
        )
        {
            uniform float ui:depth = 0.0346
            uniform color4f ui:fill = (0.28235295, 0.5921569, 0.88235295, 1)
            uniform float2 ui:position = (171, 159)
            uniform float ui:roundness = 10
            uniform token ui:shape = "trapezoid"
            uniform float2 ui:size = (75, 50)
            uniform float ui:slopeLeft = 2
            uniform float ui:slopeRight = 2
            uniform color4f ui:stroke = (0.12156863, 0.12156863, 0.12156863, 1)
            uniform color4f ui:valueColor = (0.92156863, 0.92156863, 0.92156863, 1)
        }

        def RigExecPickerButton "b_M_ChestTop" (
            customData = {
                dictionary blender = {
                    string[] controlNames = ["FK-Chest"]
                }
            }
        )
        {
            uniform float ui:depth = 0.0347
            uniform color4f ui:fill = (0.47843137, 0.77254903, 0.76862746, 1)
            uniform float2 ui:position = (186, 153)
            uniform float ui:roundness = 2
            uniform token ui:shape = "rectangle"
            uniform float2 ui:size = (45, 6)
            uniform color4f ui:stroke = (0.12156863, 0.12156863, 0.12156863, 1)
            uniform color4f ui:valueColor = (0.92156863, 0.92156863, 0.92156863, 1)
        }

        def RigExecPickerButton "b_M_Body" (
            customData = {
                dictionary blender = {
                    string[] controlNames = ["root"]
                }
            }
        )
        {
            uniform float ui:depth = 0.0348
            uniform color4f ui:fill = (0.6, 1, 0.4, 1)
            uniform float2 ui:position = (162, 227)
            uniform float ui:roundness = 2
            uniform token ui:shape = "rectangle"
            uniform float2 ui:size = (90, 30)
            uniform color4f ui:stroke = (0.12156863, 0.12156863, 0.12156863, 1)
            uniform color4f ui:valueColor = (0.92156863, 0.92156863, 0.92156863, 1)
        }

        def RigExecPickerButton "b_M_Neck" (
            customData = {
                dictionary blender = {
                    string[] controlNames = ["FK-Neck"]
                }
            }
        )
        {
            uniform float ui:depth = 0.0348
            uniform color4f ui:fill = (0.28235295, 0.5921569, 0.88235295, 1)
            uniform float2 ui:position = (191, 128)
            uniform float ui:roundness = 2
            uniform token ui:shape = "rectangle"
            uniform float2 ui:size = (25, 15)
            uniform color4f ui:stroke = (0.12156863, 0.12156863, 0.12156863, 1)
            uniform color4f ui:valueColor = (0.92156863, 0.92156863, 0.92156863, 1)
        }

        def RigExecPickerButton "b_M_SpineMid" (
            customData = {
                dictionary blender = {
                    string[] controlNames = ["FK-Belly"]
                }
            }
        )
        {
            uniform float ui:depth = 0.051
            uniform color4f ui:fill = (0.47843137, 0.77254903, 0.76862746, 1)
            uniform float2 ui:position = (202, 199)
            uniform token ui:shape = "circle"
            uniform float2 ui:size = (15, 15)
            uniform color4f ui:stroke = (0.12156863, 0.12156863, 0.12156863, 1)
            uniform color4f ui:valueColor = (0.92156863, 0.92156863, 0.92156863, 1)
        }

        def RigExecPickerButton "b_M_BodyGimbal" (
            customData = {
                dictionary blender = {
                    bool unavailable = 1
                    string unsupportedReason = "No corresponding source control for this template slot"
                }
            }
        )
        {
            uniform float ui:depth = 0.0517
            uniform color4f ui:fill = (0.24, 0.24, 0.24, 0.35)
            uniform float2 ui:position = (243, 235)
            uniform token ui:shape = "circle"
            uniform float2 ui:size = (15, 15)
            uniform color4f ui:stroke = (0.12156863, 0.12156863, 0.12156863, 1)
            uniform color4f ui:valueColor = (0.92156863, 0.92156863, 0.92156863, 1)
        }

        def RigExecPickerButton "b_ballRoll_l_x21" (
            customData = {
                dictionary blender = {
                    string[] controlNames = ["FK-Hips.L", "IK-POLE-Leg.L", "IK-MSTR-C-Foot.L", "FK-Thigh.L", "FK-Knee.L", "FK-W-Foot.L"]
                }
            }
        )
        {
            custom rel rigExec:picker:mirror = </Template/Body/b_bank_r_x20>
            uniform float ui:depth = 0.0539
            uniform color4f ui:fill = (0.8980392, 0.8980392, 0.8980392, 1)
            uniform float2[] ui:polygon = [(4.55047, 1), (4.55047, 4.43508), (1, 4.43508), (1, 8.66902), (4.49129, 8.66902), (4.49129, 12.6366), (9.16607, 12.5834), (9.17187, 8.77552), (12.8645, 8.66902), (12.8645, 4.46171), (9.42827, 4.35519), (9.52113, 1.02663)]
            uniform float2 ui:position = (263, 322)
            uniform token ui:shape = "polygon"
            uniform float2 ui:size = (12, 12)
            uniform color4f ui:stroke = (0.12156863, 0.12156863, 0.12156863, 1)
            uniform float ui:strokeWidth = 0
            uniform color4f ui:valueColor = (0.92156863, 0.92156863, 0.92156863, 1)
        }

        def RigExecPickerButton "b_L_IndexTip_x21" (
            customData = {
                dictionary blender = {
                    string[] controlNames = ["FK-Finger_Index3.L", "FK-Finger_Middle3.L", "FK-Finger_Ring3.L", "FK-Finger_Pinky3.L", "FK-Finger_Index2.L", "FK-Finger_Middle2.L", "FK-Finger_Ring2.L", "FK-Finger_Pinky2.L", "FK-Finger_Index1.L", "FK-Finger_Middle1.L", "FK-Finger_Ring1.L", "FK-Finger_Pinky1.L", "FK-Finger_Index_Carpal.L", "FK-Finger_Middle_Carpal.L", "FK-Finger_Ring_Carpal.L", "FK-Finger_Pinky_Carpal.L", "FK-Finger_Thumb3.L", "FK-Finger_Thumb2.L", "FK-Finger_Thumb1.L"]
                }
            }
        )
        {
            custom rel rigExec:picker:mirror = </Template/Body/b_R_IndexTip_x21>
            uniform float ui:depth = 0.0539
            uniform color4f ui:fill = (0.8980392, 0.8980392, 0.8980392, 1)
            uniform float2[] ui:polygon = [(4.55047, 1), (4.55047, 4.43508), (1, 4.43508), (1, 8.66902), (4.49129, 8.66902), (4.49129, 12.6366), (9.16607, 12.5834), (9.17187, 8.77552), (12.8645, 8.66902), (12.8645, 4.46171), (9.42827, 4.35519), (9.52113, 1.02663)]
            uniform float2 ui:position = (358, 258)
            uniform token ui:shape = "polygon"
            uniform float2 ui:size = (12, 12)
            uniform color4f ui:stroke = (0.12156863, 0.12156863, 0.12156863, 1)
            uniform float ui:strokeWidth = 0
            uniform color4f ui:valueColor = (0.92156863, 0.92156863, 0.92156863, 1)
        }

        def RigExecPickerButton "b_R_IndexTip_x21" (
            customData = {
                dictionary blender = {
                    string[] controlNames = ["FK-Finger_Index3.R", "FK-Finger_Middle3.R", "FK-Finger_Ring3.R", "FK-Finger_Pinky3.R", "FK-Finger_Index2.R", "FK-Finger_Middle2.R", "FK-Finger_Ring2.R", "FK-Finger_Pinky2.R", "FK-Finger_Index1.R", "FK-Finger_Middle1.R", "FK-Finger_Ring1.R", "FK-Finger_Pinky1.R", "FK-Finger_Index_Carpal.R", "FK-Finger_Middle_Carpal.R", "FK-Finger_Ring_Carpal.R", "FK-Finger_Pinky_Carpal.R", "FK-Finger_Thumb3.R", "FK-Finger_Thumb2.R", "FK-Finger_Thumb1.R"]
                }
            }
        )
        {
            custom rel rigExec:picker:mirror = </Template/Body/b_L_IndexTip_x21>
            uniform float ui:depth = 0.0539
            uniform color4f ui:fill = (0.8980392, 0.8980392, 0.8980392, 1)
            uniform float2[] ui:polygon = [(7.5173, 1), (7.5173, 4.43508), (11.0678, 4.43508), (11.0678, 8.66902), (7.57647, 8.66902), (7.57647, 12.6366), (2.9017, 12.5834), (2.8959, 8.77552), (-0.7967, 8.66902), (-0.7967, 4.46171), (2.6395, 4.35519), (2.54663, 1.02663)]
            uniform float2 ui:position = (47, 258)
            uniform token ui:shape = "polygon"
            uniform float2 ui:size = (12, 12)
            uniform color4f ui:stroke = (0.12156863, 0.12156863, 0.12156863, 1)
            uniform float ui:strokeWidth = 0
            uniform color4f ui:valueColor = (0.92156863, 0.92156863, 0.92156863, 1)
        }

        def RigExecPickerButton "b_L_ToeThumbBase_x20" (
            customData = {
                dictionary blender = {
                    bool unavailable = 1
                    string unsupportedReason = "No corresponding source control for this template slot"
                }
            }
        )
        {
            custom rel rigExec:picker:mirror = </Template/Body/b_R_ToeThumbBase_x20>
            uniform float ui:depth = 0.0539
            uniform color4f ui:fill = (0.24, 0.24, 0.24, 0.35)
            uniform float2[] ui:polygon = [(4.55047, 1), (4.55047, 4.43508), (1, 4.43508), (1, 8.66902), (4.49129, 8.66902), (4.49129, 12.6366), (9.16607, 12.5834), (9.17187, 8.77552), (12.8645, 8.66902), (12.8645, 4.46171), (9.42827, 4.35519), (9.52113, 1.02663)]
            uniform float2 ui:position = (300, 459)
            uniform token ui:shape = "polygon"
            uniform float2 ui:size = (12, 12)
            uniform color4f ui:stroke = (0.12156863, 0.12156863, 0.12156863, 1)
            uniform float ui:strokeWidth = 0
            uniform color4f ui:valueColor = (0.92156863, 0.92156863, 0.92156863, 1)
        }

        def RigExecPickerButton "b_R_ToeThumbBase_x20" (
            customData = {
                dictionary blender = {
                    bool unavailable = 1
                    string unsupportedReason = "No corresponding source control for this template slot"
                }
            }
        )
        {
            custom rel rigExec:picker:mirror = </Template/Body/b_L_ToeThumbBase_x20>
            uniform float ui:depth = 0.0539
            uniform color4f ui:fill = (0.24, 0.24, 0.24, 0.35)
            uniform float2[] ui:polygon = [(7.5173, 1), (7.5173, 4.43508), (11.0678, 4.43508), (11.0678, 8.66902), (7.57647, 8.66902), (7.57647, 12.6366), (2.9017, 12.5834), (2.8959, 8.77552), (-0.7967, 8.66902), (-0.7967, 4.46171), (2.6395, 4.35519), (2.54663, 1.02663)]
            uniform float2 ui:position = (105, 459)
            uniform token ui:shape = "polygon"
            uniform float2 ui:size = (12, 12)
            uniform color4f ui:stroke = (0.12156863, 0.12156863, 0.12156863, 1)
            uniform float ui:strokeWidth = 0
            uniform color4f ui:valueColor = (0.92156863, 0.92156863, 0.92156863, 1)
        }

        def RigExecPickerButton "b_R_Shldr_x16" (
            customData = {
                dictionary blender = {
                    string[] controlNames = ["FK-Shoulder.R", "FK-UpperArm.R", "FK-Forearm.R", "FK-Wrist.R", "IK-MSTR-C-Wrist.R", "IK-POLE-Arm.R"]
                }
            }
        )
        {
            custom rel rigExec:picker:mirror = </Template/Body/b_L_Shldr_x15>
            uniform float ui:depth = 0.0539
            uniform color4f ui:fill = (0.8980392, 0.8980392, 0.8980392, 1)
            uniform float2[] ui:polygon = [(7.5173, 1), (7.5173, 4.43508), (11.0678, 4.43508), (11.0678, 8.66902), (7.5765, 8.66902), (7.5765, 12.6366), (2.90169, 12.5834), (2.89587, 8.77552), (-0.796707, 8.66902), (-0.796707, 4.46171), (2.6395, 4.35519), (2.54664, 1.02663)]
            uniform float2 ui:position = (31, 129)
            uniform token ui:shape = "polygon"
            uniform float2 ui:size = (12, 12)
            uniform color4f ui:stroke = (0.12156863, 0.12156863, 0.12156863, 1)
            uniform float ui:strokeWidth = 0
            uniform color4f ui:valueColor = (0.92156863, 0.92156863, 0.92156863, 1)
        }

        def RigExecPickerButton "b_L_Shldr_x15" (
            customData = {
                dictionary blender = {
                    string[] controlNames = ["FK-Shoulder.L", "FK-Wrist.L", "FK-UpperArm.L", "FK-Forearm.L", "IK-POLE-Arm.L", "IK-MSTR-C-Wrist.L"]
                }
            }
        )
        {
            custom rel rigExec:picker:mirror = </Template/Body/b_R_Shldr_x16>
            uniform float ui:depth = 0.0539
            uniform color4f ui:fill = (0.8980392, 0.8980392, 0.8980392, 1)
            uniform float2[] ui:polygon = [(4.55047, 1), (4.55047, 4.43508), (1, 4.43508), (1, 8.66902), (4.49129, 8.66902), (4.49129, 12.6366), (9.16607, 12.5834), (9.17187, 8.77552), (12.8645, 8.66902), (12.8645, 4.46171), (9.42827, 4.35519), (9.52113, 1.02663)]
            uniform float2 ui:position = (374, 129)
            uniform token ui:shape = "polygon"
            uniform float2 ui:size = (12, 12)
            uniform color4f ui:stroke = (0.12156863, 0.12156863, 0.12156863, 1)
            uniform float ui:strokeWidth = 0
            uniform color4f ui:valueColor = (0.92156863, 0.92156863, 0.92156863, 1)
        }

        def RigExecPickerButton "b_M_Skull_x22" (
            customData = {
                dictionary blender = {
                    string[] controlNames = ["FK-Head_Top", "FK-Head", "FK-Neck", "FK-Chest", "MSTR-Spine_Chest", "FK-Belly", "MSTR-Spine_Torso", "root", "MSTR-Spine_Hips", "CTR-Eye.R", "MSTR-TGT-Eyes", "CTR-Eye.L"]
                }
            }
        )
        {
            uniform float ui:depth = 0.0539
            uniform color4f ui:fill = (0.8980392, 0.8980392, 0.8980392, 1)
            uniform float2[] ui:polygon = [(4.55047, 1), (4.55047, 4.43508), (1, 4.43508), (1, 8.66902), (4.49129, 8.66902), (4.49129, 12.6366), (9.16607, 12.5834), (9.17187, 8.77552), (12.8645, 8.66902), (12.8645, 4.46171), (9.42827, 4.35519), (9.52113, 1.02663)]
            uniform float2 ui:position = (167, 259)
            uniform token ui:shape = "polygon"
            uniform float2 ui:size = (12, 12)
            uniform color4f ui:stroke = (0.12156863, 0.12156863, 0.12156863, 1)
            uniform float ui:strokeWidth = 0
            uniform color4f ui:valueColor = (0.92156863, 0.92156863, 0.92156863, 1)
        }

        def RigExecPickerButton "b_bank_r_x20" (
            customData = {
                dictionary blender = {
                    string[] controlNames = ["FK-Hips.R", "IK-POLE-Leg.R", "IK-MSTR-C-Foot.R", "FK-W-Foot.R", "FK-Knee.R", "FK-Thigh.R"]
                }
            }
        )
        {
            custom rel rigExec:picker:mirror = </Template/Body/b_ballRoll_l_x21>
            uniform float ui:depth = 0.0539
            uniform color4f ui:fill = (0.8980392, 0.8980392, 0.8980392, 1)
            uniform float2[] ui:polygon = [(7.5173, 1), (7.5173, 4.43508), (11.0678, 4.43508), (11.0678, 8.66902), (7.5765, 8.66902), (7.5765, 12.6366), (2.90169, 12.5834), (2.89587, 8.77552), (-0.796707, 8.66902), (-0.796707, 4.46171), (2.6395, 4.35519), (2.54664, 1.02663)]
            uniform float2 ui:position = (142, 322)
            uniform token ui:shape = "polygon"
            uniform float2 ui:size = (12, 12)
            uniform color4f ui:stroke = (0.12156863, 0.12156863, 0.12156863, 1)
            uniform float ui:strokeWidth = 0
            uniform color4f ui:valueColor = (0.92156863, 0.92156863, 0.92156863, 1)
        }

        def RigExecPickerButton "b_L_ArmBend0" (
            customData = {
                dictionary blender = {
                    bool unavailable = 1
                    string unsupportedReason = "No corresponding source control for this template slot"
                }
            }
        )
        {
            custom rel rigExec:picker:mirror = </Template/Body/b_R_ArmBend0>
            uniform float ui:depth = 0.0342
            uniform color4f ui:fill = (0.24, 0.24, 0.24, 0.35)
            uniform float2 ui:position = (255, 122)
            uniform token ui:shape = "circle"
            uniform float2 ui:size = (10, 10)
            uniform color4f ui:stroke = (0.12156863, 0.12156863, 0.12156863, 1)
            uniform color4f ui:valueColor = (0.92156863, 0.92156863, 0.92156863, 1)
        }

        def RigExecPickerButton "b_L_ArmBend1" (
            customData = {
                dictionary blender = {
                    bool unavailable = 1
                    string unsupportedReason = "No corresponding source control for this template slot"
                }
            }
        )
        {
            custom rel rigExec:picker:mirror = </Template/Body/b_R_ArmBend1>
            uniform float ui:depth = 0.0341
            uniform color4f ui:fill = (0.24, 0.24, 0.24, 0.35)
            uniform float2 ui:position = (274, 122)
            uniform token ui:shape = "circle"
            uniform float2 ui:size = (10, 10)
            uniform color4f ui:stroke = (0.12156863, 0.12156863, 0.12156863, 1)
            uniform color4f ui:valueColor = (0.92156863, 0.92156863, 0.92156863, 1)
        }

        def RigExecPickerButton "b_L_ArmBend2" (
            customData = {
                dictionary blender = {
                    bool unavailable = 1
                    string unsupportedReason = "No corresponding source control for this template slot"
                }
            }
        )
        {
            custom rel rigExec:picker:mirror = </Template/Body/b_R_ArmBend2>
            uniform float ui:depth = 0.034
            uniform color4f ui:fill = (0.24, 0.24, 0.24, 0.35)
            uniform float2 ui:position = (294, 122)
            uniform token ui:shape = "circle"
            uniform float2 ui:size = (10, 10)
            uniform color4f ui:stroke = (0.12156863, 0.12156863, 0.12156863, 1)
            uniform color4f ui:valueColor = (0.92156863, 0.92156863, 0.92156863, 1)
        }

        def RigExecPickerButton "b_L_ArmBend3" (
            customData = {
                dictionary blender = {
                    bool unavailable = 1
                    string unsupportedReason = "No corresponding source control for this template slot"
                }
            }
        )
        {
            custom rel rigExec:picker:mirror = </Template/Body/b_R_ArmBend3>
            uniform float ui:depth = 0.0341
            uniform color4f ui:fill = (0.24, 0.24, 0.24, 0.35)
            uniform float2 ui:position = (314, 122)
            uniform token ui:shape = "circle"
            uniform float2 ui:size = (10, 10)
            uniform color4f ui:stroke = (0.12156863, 0.12156863, 0.12156863, 1)
            uniform color4f ui:valueColor = (0.92156863, 0.92156863, 0.92156863, 1)
        }

        def RigExecPickerButton "b_L_ArmBend4" (
            customData = {
                dictionary blender = {
                    bool unavailable = 1
                    string unsupportedReason = "No corresponding source control for this template slot"
                }
            }
        )
        {
            custom rel rigExec:picker:mirror = </Template/Body/b_R_ArmBend4>
            uniform float ui:depth = 0.0342
            uniform color4f ui:fill = (0.24, 0.24, 0.24, 0.35)
            uniform float2 ui:position = (332, 122)
            uniform token ui:shape = "circle"
            uniform float2 ui:size = (10, 10)
            uniform color4f ui:stroke = (0.12156863, 0.12156863, 0.12156863, 1)
            uniform color4f ui:valueColor = (0.92156863, 0.92156863, 0.92156863, 1)
        }

        def RigExecPickerButton "b_R_ArmBend0" (
            customData = {
                dictionary blender = {
                    bool unavailable = 1
                    string unsupportedReason = "No corresponding source control for this template slot"
                }
            }
        )
        {
            custom rel rigExec:picker:mirror = </Template/Body/b_L_ArmBend0>
            uniform float ui:depth = 0.0342
            uniform color4f ui:fill = (0.24, 0.24, 0.24, 0.35)
            uniform float2 ui:position = (154, 122)
            uniform token ui:shape = "circle"
            uniform float2 ui:size = (10, 10)
            uniform color4f ui:stroke = (0.12156863, 0.12156863, 0.12156863, 1)
            uniform color4f ui:valueColor = (0.92156863, 0.92156863, 0.92156863, 1)
        }

        def RigExecPickerButton "b_R_ArmBend1" (
            customData = {
                dictionary blender = {
                    bool unavailable = 1
                    string unsupportedReason = "No corresponding source control for this template slot"
                }
            }
        )
        {
            custom rel rigExec:picker:mirror = </Template/Body/b_L_ArmBend1>
            uniform float ui:depth = 0.0341
            uniform color4f ui:fill = (0.24, 0.24, 0.24, 0.35)
            uniform float2 ui:position = (135, 122)
            uniform token ui:shape = "circle"
            uniform float2 ui:size = (10, 10)
            uniform color4f ui:stroke = (0.12156863, 0.12156863, 0.12156863, 1)
            uniform color4f ui:valueColor = (0.92156863, 0.92156863, 0.92156863, 1)
        }

        def RigExecPickerButton "b_R_ArmBend2" (
            customData = {
                dictionary blender = {
                    bool unavailable = 1
                    string unsupportedReason = "No corresponding source control for this template slot"
                }
            }
        )
        {
            custom rel rigExec:picker:mirror = </Template/Body/b_L_ArmBend2>
            uniform float ui:depth = 0.034
            uniform color4f ui:fill = (0.24, 0.24, 0.24, 0.35)
            uniform float2 ui:position = (115, 122)
            uniform token ui:shape = "circle"
            uniform float2 ui:size = (10, 10)
            uniform color4f ui:stroke = (0.12156863, 0.12156863, 0.12156863, 1)
            uniform color4f ui:valueColor = (0.92156863, 0.92156863, 0.92156863, 1)
        }

        def RigExecPickerButton "b_R_ArmBend3" (
            customData = {
                dictionary blender = {
                    bool unavailable = 1
                    string unsupportedReason = "No corresponding source control for this template slot"
                }
            }
        )
        {
            custom rel rigExec:picker:mirror = </Template/Body/b_L_ArmBend3>
            uniform float ui:depth = 0.0341
            uniform color4f ui:fill = (0.24, 0.24, 0.24, 0.35)
            uniform float2 ui:position = (95, 122)
            uniform token ui:shape = "circle"
            uniform float2 ui:size = (10, 10)
            uniform color4f ui:stroke = (0.12156863, 0.12156863, 0.12156863, 1)
            uniform color4f ui:valueColor = (0.92156863, 0.92156863, 0.92156863, 1)
        }

        def RigExecPickerButton "b_R_ArmBend4" (
            customData = {
                dictionary blender = {
                    bool unavailable = 1
                    string unsupportedReason = "No corresponding source control for this template slot"
                }
            }
        )
        {
            custom rel rigExec:picker:mirror = </Template/Body/b_L_ArmBend4>
            uniform float ui:depth = 0.0342
            uniform color4f ui:fill = (0.24, 0.24, 0.24, 0.35)
            uniform float2 ui:position = (77, 122)
            uniform token ui:shape = "circle"
            uniform float2 ui:size = (10, 10)
            uniform color4f ui:stroke = (0.12156863, 0.12156863, 0.12156863, 1)
            uniform color4f ui:valueColor = (0.92156863, 0.92156863, 0.92156863, 1)
        }

        def RigExecPickerButton "b_L_LegBend0" (
            customData = {
                dictionary blender = {
                    bool unavailable = 1
                    string unsupportedReason = "No corresponding source control for this template slot"
                }
            }
        )
        {
            custom rel rigExec:picker:mirror = </Template/Body/b_R_LegBend0>
            uniform float ui:depth = 0.0342
            uniform color4f ui:fill = (0.24, 0.24, 0.24, 0.35)
            uniform float2 ui:position = (250, 290)
            uniform token ui:shape = "circle"
            uniform float2 ui:size = (10, 10)
            uniform color4f ui:stroke = (0.12156863, 0.12156863, 0.12156863, 1)
            uniform color4f ui:valueColor = (0.92156863, 0.92156863, 0.92156863, 1)
        }

        def RigExecPickerButton "b_L_LegBend1" (
            customData = {
                dictionary blender = {
                    bool unavailable = 1
                    string unsupportedReason = "No corresponding source control for this template slot"
                }
            }
        )
        {
            custom rel rigExec:picker:mirror = </Template/Body/b_R_LegBend1>
            uniform float ui:depth = 0.0341
            uniform color4f ui:fill = (0.24, 0.24, 0.24, 0.35)
            uniform float2 ui:position = (250, 307)
            uniform token ui:shape = "circle"
            uniform float2 ui:size = (10, 10)
            uniform color4f ui:stroke = (0.12156863, 0.12156863, 0.12156863, 1)
            uniform color4f ui:valueColor = (0.92156863, 0.92156863, 0.92156863, 1)
        }

        def RigExecPickerButton "b_L_LegBend2" (
            customData = {
                dictionary blender = {
                    bool unavailable = 1
                    string unsupportedReason = "No corresponding source control for this template slot"
                }
            }
        )
        {
            custom rel rigExec:picker:mirror = </Template/Body/b_R_LegBend2>
            uniform float ui:depth = 0.034
            uniform color4f ui:fill = (0.24, 0.24, 0.24, 0.35)
            uniform float2 ui:position = (250, 330)
            uniform token ui:shape = "circle"
            uniform float2 ui:size = (10, 10)
            uniform color4f ui:stroke = (0.12156863, 0.12156863, 0.12156863, 1)
            uniform color4f ui:valueColor = (0.92156863, 0.92156863, 0.92156863, 1)
        }

        def RigExecPickerButton "b_L_LegBend3" (
            customData = {
                dictionary blender = {
                    bool unavailable = 1
                    string unsupportedReason = "No corresponding source control for this template slot"
                }
            }
        )
        {
            custom rel rigExec:picker:mirror = </Template/Body/b_R_LegBend3>
            uniform float ui:depth = 0.0339
            uniform color4f ui:fill = (0.24, 0.24, 0.24, 0.35)
            uniform float2 ui:position = (250, 352)
            uniform token ui:shape = "circle"
            uniform float2 ui:size = (10, 10)
            uniform color4f ui:stroke = (0.12156863, 0.12156863, 0.12156863, 1)
            uniform color4f ui:valueColor = (0.92156863, 0.92156863, 0.92156863, 1)
        }

        def RigExecPickerButton "b_L_LegBend4" (
            customData = {
                dictionary blender = {
                    bool unavailable = 1
                    string unsupportedReason = "No corresponding source control for this template slot"
                }
            }
        )
        {
            custom rel rigExec:picker:mirror = </Template/Body/b_R_LegBend4>
            uniform float ui:depth = 0.034
            uniform color4f ui:fill = (0.24, 0.24, 0.24, 0.35)
            uniform float2 ui:position = (250, 371)
            uniform token ui:shape = "circle"
            uniform float2 ui:size = (10, 10)
            uniform color4f ui:stroke = (0.12156863, 0.12156863, 0.12156863, 1)
            uniform color4f ui:valueColor = (0.92156863, 0.92156863, 0.92156863, 1)
        }

        def RigExecPickerButton "b_R_LegBend0" (
            customData = {
                dictionary blender = {
                    bool unavailable = 1
                    string unsupportedReason = "No corresponding source control for this template slot"
                }
            }
        )
        {
            custom rel rigExec:picker:mirror = </Template/Body/b_L_LegBend0>
            uniform float ui:depth = 0.0342
            uniform color4f ui:fill = (0.24, 0.24, 0.24, 0.35)
            uniform float2 ui:position = (159, 290)
            uniform token ui:shape = "circle"
            uniform float2 ui:size = (10, 10)
            uniform color4f ui:stroke = (0.12156863, 0.12156863, 0.12156863, 1)
            uniform color4f ui:valueColor = (0.92156863, 0.92156863, 0.92156863, 1)
        }

        def RigExecPickerButton "b_R_LegBend1" (
            customData = {
                dictionary blender = {
                    bool unavailable = 1
                    string unsupportedReason = "No corresponding source control for this template slot"
                }
            }
        )
        {
            custom rel rigExec:picker:mirror = </Template/Body/b_L_LegBend1>
            uniform float ui:depth = 0.0341
            uniform color4f ui:fill = (0.24, 0.24, 0.24, 0.35)
            uniform float2 ui:position = (159, 307)
            uniform token ui:shape = "circle"
            uniform float2 ui:size = (10, 10)
            uniform color4f ui:stroke = (0.12156863, 0.12156863, 0.12156863, 1)
            uniform color4f ui:valueColor = (0.92156863, 0.92156863, 0.92156863, 1)
        }

        def RigExecPickerButton "b_R_LegBend2" (
            customData = {
                dictionary blender = {
                    bool unavailable = 1
                    string unsupportedReason = "No corresponding source control for this template slot"
                }
            }
        )
        {
            custom rel rigExec:picker:mirror = </Template/Body/b_L_LegBend2>
            uniform float ui:depth = 0.034
            uniform color4f ui:fill = (0.24, 0.24, 0.24, 0.35)
            uniform float2 ui:position = (159, 330)
            uniform token ui:shape = "circle"
            uniform float2 ui:size = (10, 10)
            uniform color4f ui:stroke = (0.12156863, 0.12156863, 0.12156863, 1)
            uniform color4f ui:valueColor = (0.92156863, 0.92156863, 0.92156863, 1)
        }

        def RigExecPickerButton "b_R_LegBend3" (
            customData = {
                dictionary blender = {
                    bool unavailable = 1
                    string unsupportedReason = "No corresponding source control for this template slot"
                }
            }
        )
        {
            custom rel rigExec:picker:mirror = </Template/Body/b_L_LegBend3>
            uniform float ui:depth = 0.0339
            uniform color4f ui:fill = (0.24, 0.24, 0.24, 0.35)
            uniform float2 ui:position = (159, 352)
            uniform token ui:shape = "circle"
            uniform float2 ui:size = (10, 10)
            uniform color4f ui:stroke = (0.12156863, 0.12156863, 0.12156863, 1)
            uniform color4f ui:valueColor = (0.92156863, 0.92156863, 0.92156863, 1)
        }

        def RigExecPickerButton "b_R_LegBend4" (
            customData = {
                dictionary blender = {
                    bool unavailable = 1
                    string unsupportedReason = "No corresponding source control for this template slot"
                }
            }
        )
        {
            custom rel rigExec:picker:mirror = </Template/Body/b_L_LegBend4>
            uniform float ui:depth = 0.034
            uniform color4f ui:fill = (0.24, 0.24, 0.24, 0.35)
            uniform float2 ui:position = (159, 371)
            uniform token ui:shape = "circle"
            uniform float2 ui:size = (10, 10)
            uniform color4f ui:stroke = (0.12156863, 0.12156863, 0.12156863, 1)
            uniform color4f ui:valueColor = (0.92156863, 0.92156863, 0.92156863, 1)
        }

        def RigExecPickerButton "s_L_ArmIK" (
            customData = {
                dictionary blender = {
                    bool unavailable = 1
                    string unsupportedReason = "No corresponding source control for this template slot"
                }
            }
        )
        {
            custom rel rigExec:picker:mirror = </Template/Body/s_R_ArmIK>
            uniform float ui:depth = 0.0038
            uniform color4f ui:fill = (0.24, 0.24, 0.24, 0.35)
            uniform float ui:fontSize = 12
            uniform float2 ui:position = (345, 108)
            uniform float ui:roundness = 2
            uniform token ui:shape = "widgetControl"
            uniform float2 ui:size = (50, 20)
            uniform color4f ui:stroke = (0, 0, 0, 0.78431374)
            uniform float ui:strokeWidth = 0
            uniform string ui:text = ""
            uniform token ui:textAlign = "right"
            uniform color4f ui:textColor = (0.5, 0.5, 0.5, 0.5)
            uniform color4f ui:valueColor = (0.8352941, 0.78431374, 0.09803922, 1)
        }

        def RigExecPickerButton "s_R_ArmIK" (
            customData = {
                dictionary blender = {
                    bool unavailable = 1
                    string unsupportedReason = "No corresponding source control for this template slot"
                }
            }
        )
        {
            custom rel rigExec:picker:mirror = </Template/Body/s_L_ArmIK>
            uniform float ui:depth = 0.0038
            uniform color4f ui:fill = (0.24, 0.24, 0.24, 0.35)
            uniform float ui:fontSize = 12
            uniform float2 ui:position = (20, 108)
            uniform float ui:roundness = 2
            uniform token ui:shape = "widgetControl"
            uniform float2 ui:size = (50, 20)
            uniform color4f ui:stroke = (0, 0, 0, 0.78431374)
            uniform float ui:strokeWidth = 0
            uniform string ui:text = ""
            uniform token ui:textAlign = "right"
            uniform color4f ui:textColor = (0.5, 0.5, 0.5, 0.5)
            uniform color4f ui:valueColor = (0.8352941, 0.78431374, 0.09803922, 1)
        }

        def RigExecPickerButton "s_L_ArmPV" (
            customData = {
                dictionary blender = {
                    bool unavailable = 1
                    string unsupportedReason = "No corresponding source control for this template slot"
                }
            }
        )
        {
            uniform float ui:depth = 0.0038
            uniform color4f ui:fill = (0.24, 0.24, 0.24, 0.35)
            uniform float ui:fontSize = 12
            uniform float2 ui:position = (265, 164)
            uniform float ui:roundness = 2
            uniform token ui:shape = "widgetControl"
            uniform float2 ui:size = (50, 20)
            uniform color4f ui:stroke = (0, 0, 0, 0.78431374)
            uniform float ui:strokeWidth = 0
            uniform string ui:text = "PV (unavailable)"
            uniform token ui:textAlign = "right"
            uniform color4f ui:textColor = (0.5, 0.5, 0.5, 0.5)
            uniform color4f ui:valueColor = (0.8352941, 0.78431374, 0.09803922, 1)
        }

        def RigExecPickerButton "s_R_ArmPV" (
            customData = {
                dictionary blender = {
                    bool unavailable = 1
                    string unsupportedReason = "No corresponding source control for this template slot"
                }
            }
        )
        {
            uniform float ui:depth = 0.0038
            uniform color4f ui:fill = (0.24, 0.24, 0.24, 0.35)
            uniform float ui:fontSize = 12
            uniform float2 ui:position = (109, 164)
            uniform float ui:roundness = 2
            uniform token ui:shape = "widgetControl"
            uniform float2 ui:size = (50, 20)
            uniform color4f ui:stroke = (0, 0, 0, 0.78431374)
            uniform float ui:strokeWidth = 0
            uniform string ui:text = "PV (unavailable)"
            uniform token ui:textAlign = "right"
            uniform color4f ui:textColor = (0.5, 0.5, 0.5, 0.5)
            uniform color4f ui:valueColor = (0.8352941, 0.78431374, 0.09803922, 1)
        }

        def RigExecPickerButton "s_L_UpArm" (
            customData = {
                dictionary blender = {
                    bool unavailable = 1
                    string unsupportedReason = "No corresponding source control for this template slot"
                }
            }
        )
        {
            uniform float ui:depth = 0.0038
            uniform color4f ui:fill = (0.24, 0.24, 0.24, 0.35)
            uniform float ui:fontSize = 12
            uniform float2 ui:position = (265, 164)
            uniform float ui:roundness = 2
            uniform token ui:shape = "widgetControl"
            uniform float2 ui:size = (50, 20)
            uniform color4f ui:stroke = (0, 0, 0, 0.78431374)
            uniform float ui:strokeWidth = 0
            uniform string ui:text = ""
            uniform token ui:textAlign = "right"
            uniform color4f ui:textColor = (0.5, 0.5, 0.5, 0.5)
            uniform color4f ui:valueColor = (0.8352941, 0.78431374, 0.09803922, 1)
        }

        def RigExecPickerButton "s_R_UpArm" (
            customData = {
                dictionary blender = {
                    bool unavailable = 1
                    string unsupportedReason = "No corresponding source control for this template slot"
                }
            }
        )
        {
            uniform float ui:depth = 0.0038
            uniform color4f ui:fill = (0.24, 0.24, 0.24, 0.35)
            uniform float ui:fontSize = 12
            uniform float2 ui:position = (109, 164)
            uniform float ui:roundness = 2
            uniform token ui:shape = "widgetControl"
            uniform float2 ui:size = (50, 20)
            uniform color4f ui:stroke = (0, 0, 0, 0.78431374)
            uniform float ui:strokeWidth = 0
            uniform string ui:text = ""
            uniform token ui:textAlign = "right"
            uniform color4f ui:textColor = (0.5, 0.5, 0.5, 0.5)
            uniform color4f ui:valueColor = (0.8352941, 0.78431374, 0.09803922, 1)
        }

        def RigExecPickerButton "s_L_LegPV" (
            customData = {
                dictionary blender = {
                    bool unavailable = 1
                    string unsupportedReason = "No corresponding source control for this template slot"
                }
            }
        )
        {
            custom rel rigExec:picker:mirror = </Template/Body/s_R_LegPV>
            uniform float ui:depth = 0.0038
            uniform color4f ui:fill = (0.24, 0.24, 0.24, 0.35)
            uniform float ui:fontSize = 12
            uniform float2 ui:position = (311, 337)
            uniform float ui:roundness = 2
            uniform token ui:shape = "widgetControl"
            uniform float2 ui:size = (50, 20)
            uniform color4f ui:stroke = (0, 0, 0, 0.78431374)
            uniform float ui:strokeWidth = 0
            uniform string ui:text = "PV (unavailable)"
            uniform token ui:textAlign = "right"
            uniform color4f ui:textColor = (0.5, 0.5, 0.5, 0.5)
            uniform color4f ui:valueColor = (0.8352941, 0.78431374, 0.09803922, 1)
        }

        def RigExecPickerButton "s_R_LegPV" (
            customData = {
                dictionary blender = {
                    bool unavailable = 1
                    string unsupportedReason = "No corresponding source control for this template slot"
                }
            }
        )
        {
            custom rel rigExec:picker:mirror = </Template/Body/s_L_LegPV>
            uniform float ui:depth = 0.0038
            uniform color4f ui:fill = (0.24, 0.24, 0.24, 0.35)
            uniform float ui:fontSize = 12
            uniform float2 ui:position = (54, 337)
            uniform float ui:roundness = 2
            uniform token ui:shape = "widgetControl"
            uniform float2 ui:size = (50, 20)
            uniform color4f ui:stroke = (0, 0, 0, 0.78431374)
            uniform float ui:strokeWidth = 0
            uniform string ui:text = "PV (unavailable)"
            uniform token ui:textAlign = "right"
            uniform color4f ui:textColor = (0.5, 0.5, 0.5, 0.5)
            uniform color4f ui:valueColor = (0.8352941, 0.78431374, 0.09803922, 1)
        }

        def RigExecPickerButton "s_L_LegIK" (
            customData = {
                dictionary blender = {
                    bool unavailable = 1
                    string unsupportedReason = "No corresponding source control for this template slot"
                }
            }
        )
        {
            uniform float ui:depth = 0.0038
            uniform color4f ui:fill = (0.24, 0.24, 0.24, 0.35)
            uniform float ui:fontSize = 12
            uniform float2 ui:position = (288, 404)
            uniform float ui:roundness = 2
            uniform token ui:shape = "widgetControl"
            uniform float2 ui:size = (70, 20)
            uniform color4f ui:stroke = (0, 0, 0, 0.78431374)
            uniform float ui:strokeWidth = 0
            uniform string ui:text = "Foot (unavailable)"
            uniform token ui:textAlign = "right"
            uniform color4f ui:textColor = (0.5, 0.5, 0.5, 0.5)
            uniform color4f ui:valueColor = (0.8352941, 0.78431374, 0.09803922, 1)
        }

        def RigExecPickerButton "s_R_LegIK" (
            customData = {
                dictionary blender = {
                    bool unavailable = 1
                    string unsupportedReason = "No corresponding source control for this template slot"
                }
            }
        )
        {
            uniform float ui:depth = 0.0038
            uniform color4f ui:fill = (0.24, 0.24, 0.24, 0.35)
            uniform float ui:fontSize = 12
            uniform float2 ui:position = (62, 402)
            uniform float ui:roundness = 2
            uniform token ui:shape = "widgetControl"
            uniform float2 ui:size = (70, 20)
            uniform color4f ui:stroke = (0, 0, 0, 0.78431374)
            uniform float ui:strokeWidth = 0
            uniform string ui:text = "Foot (unavailable)"
            uniform token ui:textAlign = "right"
            uniform color4f ui:textColor = (0.5, 0.5, 0.5, 0.5)
            uniform color4f ui:valueColor = (0.8352941, 0.78431374, 0.09803922, 1)
        }

        def RigExecPickerButton "s_M_Neck" (
            customData = {
                dictionary blender = {
                    bool unavailable = 1
                    string unsupportedReason = "No corresponding source control for this template slot"
                }
            }
        )
        {
            uniform float ui:depth = 0.0038
            uniform color4f ui:fill = (0.24, 0.24, 0.24, 0.35)
            uniform float ui:fontSize = 12
            uniform float2 ui:position = (185, 100)
            uniform float ui:roundness = 2
            uniform token ui:shape = "widgetControl"
            uniform float2 ui:size = (50, 16)
            uniform color4f ui:stroke = (0, 0, 0, 0.78431374)
            uniform float ui:strokeWidth = 0
            uniform string ui:text = ""
            uniform token ui:textAlign = "right"
            uniform color4f ui:textColor = (0.5, 0.5, 0.5, 0.5)
            uniform color4f ui:valueColor = (0.8352941, 0.78431374, 0.09803922, 1)
        }

        def RigExecPickerButton "s_M_Head" (
            customData = {
                dictionary blender = {
                    bool unavailable = 1
                    string unsupportedReason = "No corresponding source control for this template slot"
                }
            }
        )
        {
            uniform float ui:depth = 0.0038
            uniform color4f ui:fill = (0.24, 0.24, 0.24, 0.35)
            uniform float ui:fontSize = 12
            uniform float2 ui:position = (126, 39)
            uniform float ui:roundness = 2
            uniform token ui:shape = "widgetControl"
            uniform float2 ui:size = (50, 20)
            uniform color4f ui:stroke = (0, 0, 0, 0.78431374)
            uniform float ui:strokeWidth = 0
            uniform string ui:text = ""
            uniform token ui:textAlign = "right"
            uniform color4f ui:textColor = (0.5, 0.5, 0.5, 0.5)
            uniform color4f ui:valueColor = (0.8352941, 0.78431374, 0.09803922, 1)
        }

        def RigExecPickerButton "b_M_SpineBend1" (
            customData = {
                dictionary blender = {
                    bool unavailable = 1
                    string unsupportedReason = "No corresponding source control for this template slot"
                }
            }
        )
        {
            uniform float ui:depth = 0.0511
            uniform color4f ui:fill = (0.24, 0.24, 0.24, 0.35)
            uniform float2 ui:position = (245, 211)
            uniform token ui:shape = "circle"
            uniform float2 ui:size = (10, 10)
            uniform color4f ui:stroke = (0.12156863, 0.12156863, 0.12156863, 1)
            uniform float ui:strokeWidth = 1
        }

        def RigExecPickerButton "b_M_SpineBend2" (
            customData = {
                dictionary blender = {
                    bool unavailable = 1
                    string unsupportedReason = "No corresponding source control for this template slot"
                }
            }
        )
        {
            uniform float ui:depth = 0.051
            uniform color4f ui:fill = (0.24, 0.24, 0.24, 0.35)
            uniform float2 ui:position = (245, 193)
            uniform token ui:shape = "circle"
            uniform float2 ui:size = (10, 10)
            uniform color4f ui:stroke = (0.12156863, 0.12156863, 0.12156863, 1)
            uniform float ui:strokeWidth = 1
        }

        def RigExecPickerButton "b_M_SpineBend3" (
            customData = {
                dictionary blender = {
                    bool unavailable = 1
                    string unsupportedReason = "No corresponding source control for this template slot"
                }
            }
        )
        {
            uniform float ui:depth = 0.0333
            uniform color4f ui:fill = (0.24, 0.24, 0.24, 0.35)
            uniform float2 ui:position = (244, 175)
            uniform token ui:shape = "circle"
            uniform float2 ui:size = (10, 10)
            uniform color4f ui:stroke = (0.12156863, 0.12156863, 0.12156863, 1)
            uniform float ui:strokeWidth = 1
        }

        def RigExecPickerButton "b_M_NeckShift" (
            customData = {
                dictionary blender = {
                    bool unavailable = 1
                    string unsupportedReason = "No corresponding source control for this template slot"
                }
            }
        )
        {
            uniform float ui:depth = 0.06
            uniform color4f ui:fill = (0.24, 0.24, 0.24, 0.35)
            uniform float2 ui:position = (247.5, 131.73468)
            uniform token ui:shape = "circle"
            uniform float2 ui:size = (9, 9)
            uniform color4f ui:stroke = (0.12156863, 0.12156863, 0.12156863, 1)
            uniform float ui:strokeWidth = 1
        }

        def RigExecPickerButton "b_M_Main" (
            customData = {
                dictionary blender = {
                    string[] controlNames = ["root"]
                }
            }
        )
        {
            uniform float ui:depth = 0.0329
            uniform color4f ui:fill = (0.4, 0.4, 0.4, 1)
            uniform float ui:fontSize = 7
            uniform float2 ui:position = (28, 568)
            uniform float ui:roundness = 2
            uniform token ui:shape = "rectangle"
            uniform float2 ui:size = (20, 15)
            uniform color4f ui:stroke = (0.12156863, 0.12156863, 0.12156863, 1)
            uniform string ui:text = "MAIN"
        }

        def RigExecPickerButton "b_M_Shot" (
            customData = {
                dictionary blender = {
                    bool unavailable = 1
                    string unsupportedReason = "No corresponding source control for this template slot"
                }
            }
        )
        {
            uniform float ui:depth = 0.0329
            uniform color4f ui:fill = (0.24, 0.24, 0.24, 0.35)
            uniform float ui:fontSize = 7
            uniform float2 ui:position = (50, 566)
            uniform float ui:roundness = 2
            uniform token ui:shape = "rectangle"
            uniform float2 ui:size = (40, 20)
            uniform color4f ui:stroke = (0.12156863, 0.12156863, 0.12156863, 1)
            uniform string ui:text = "SHOT"
        }

        def RigExecPickerButton "b_M_Aux" (
            customData = {
                dictionary blender = {
                    bool unavailable = 1
                    string unsupportedReason = "No corresponding source control for this template slot"
                }
            }
        )
        {
            uniform float ui:depth = 0.0329
            uniform color4f ui:fill = (0.24, 0.24, 0.24, 0.35)
            uniform float ui:fontSize = 7
            uniform float2 ui:position = (93, 568)
            uniform float ui:roundness = 2
            uniform token ui:shape = "rectangle"
            uniform float2 ui:size = (20, 15)
            uniform color4f ui:stroke = (0.12156863, 0.12156863, 0.12156863, 1)
            uniform string ui:text = "AUX"
        }

        def RigExecPickerButton "b_L_Heel" (
            customData = {
                dictionary blender = {
                    bool unavailable = 1
                    string unsupportedReason = "No corresponding source control for this template slot"
                }
            }
        )
        {
            custom rel rigExec:picker:mirror = </Template/Body/b_R_Heel>
            uniform float ui:depth = 0.0045
            uniform color4f ui:fill = (0.24, 0.24, 0.24, 0.35)
            uniform float ui:fontSize = 7
            uniform float2 ui:position = (362, 401)
            uniform float ui:roundness = 2
            uniform token ui:shape = "rectangle"
            uniform float2 ui:size = (26, 11)
            uniform color4f ui:stroke = (0.12, 0.12, 0.12, 1)
            uniform string ui:text = "HEEL"
        }

        def RigExecPickerButton "b_L_BallRoll" (
            customData = {
                dictionary blender = {
                    string[] controlNames = ["ROLL-Foot.L"]
                }
            }
        )
        {
            custom rel rigExec:picker:mirror = </Template/Body/b_R_BallRoll>
            uniform float ui:depth = 0.0045
            uniform color4f ui:fill = (0.6, 0.85, 0.4, 1)
            uniform float ui:fontSize = 7
            uniform float2 ui:position = (362, 414)
            uniform float ui:roundness = 2
            uniform token ui:shape = "rectangle"
            uniform float2 ui:size = (26, 11)
            uniform color4f ui:stroke = (0.12, 0.12, 0.12, 1)
            uniform string ui:text = "BALL"
        }

        def RigExecPickerButton "b_L_Toe" (
            customData = {
                dictionary blender = {
                    string[] controlNames = ["FK-Toes.L"]
                }
            }
        )
        {
            custom rel rigExec:picker:mirror = </Template/Body/b_R_Toe>
            uniform float ui:depth = 0.0045
            uniform color4f ui:fill = (0.6, 0.85, 0.4, 1)
            uniform float ui:fontSize = 7
            uniform float2 ui:position = (362, 427)
            uniform float ui:roundness = 2
            uniform token ui:shape = "rectangle"
            uniform float2 ui:size = (26, 11)
            uniform color4f ui:stroke = (0.12, 0.12, 0.12, 1)
            uniform string ui:text = "TOE"
        }

        def RigExecPickerButton "b_L_Bank" (
            customData = {
                dictionary blender = {
                    bool unavailable = 1
                    string unsupportedReason = "No corresponding source control for this template slot"
                }
            }
        )
        {
            custom rel rigExec:picker:mirror = </Template/Body/b_R_Bank>
            uniform float ui:depth = 0.0045
            uniform color4f ui:fill = (0.24, 0.24, 0.24, 0.35)
            uniform float ui:fontSize = 7
            uniform float2 ui:position = (362, 440)
            uniform float ui:roundness = 2
            uniform token ui:shape = "rectangle"
            uniform float2 ui:size = (26, 11)
            uniform color4f ui:stroke = (0.12, 0.12, 0.12, 1)
            uniform string ui:text = "BANK"
        }

        def RigExecPickerButton "b_R_Heel" (
            customData = {
                dictionary blender = {
                    bool unavailable = 1
                    string unsupportedReason = "No corresponding source control for this template slot"
                }
            }
        )
        {
            custom rel rigExec:picker:mirror = </Template/Body/b_L_Heel>
            uniform float ui:depth = 0.0045
            uniform color4f ui:fill = (0.24, 0.24, 0.24, 0.35)
            uniform float ui:fontSize = 7
            uniform float2 ui:position = (29, 401)
            uniform float ui:roundness = 2
            uniform token ui:shape = "rectangle"
            uniform float2 ui:size = (26, 11)
            uniform color4f ui:stroke = (0.12, 0.12, 0.12, 1)
            uniform string ui:text = "HEEL"
        }

        def RigExecPickerButton "b_R_BallRoll" (
            customData = {
                dictionary blender = {
                    string[] controlNames = ["ROLL-Foot.R"]
                }
            }
        )
        {
            custom rel rigExec:picker:mirror = </Template/Body/b_L_BallRoll>
            uniform float ui:depth = 0.0045
            uniform color4f ui:fill = (0.6, 0.85, 0.4, 1)
            uniform float ui:fontSize = 7
            uniform float2 ui:position = (29, 414)
            uniform float ui:roundness = 2
            uniform token ui:shape = "rectangle"
            uniform float2 ui:size = (26, 11)
            uniform color4f ui:stroke = (0.12, 0.12, 0.12, 1)
            uniform string ui:text = "BALL"
        }

        def RigExecPickerButton "b_R_Toe" (
            customData = {
                dictionary blender = {
                    string[] controlNames = ["FK-Toes.R"]
                }
            }
        )
        {
            custom rel rigExec:picker:mirror = </Template/Body/b_L_Toe>
            uniform float ui:depth = 0.0045
            uniform color4f ui:fill = (0.6, 0.85, 0.4, 1)
            uniform float ui:fontSize = 7
            uniform float2 ui:position = (29, 427)
            uniform float ui:roundness = 2
            uniform token ui:shape = "rectangle"
            uniform float2 ui:size = (26, 11)
            uniform color4f ui:stroke = (0.12, 0.12, 0.12, 1)
            uniform string ui:text = "TOE"
        }

        def RigExecPickerButton "b_R_Bank" (
            customData = {
                dictionary blender = {
                    bool unavailable = 1
                    string unsupportedReason = "No corresponding source control for this template slot"
                }
            }
        )
        {
            custom rel rigExec:picker:mirror = </Template/Body/b_L_Bank>
            uniform float ui:depth = 0.0045
            uniform color4f ui:fill = (0.24, 0.24, 0.24, 0.35)
            uniform float ui:fontSize = 7
            uniform float2 ui:position = (29, 440)
            uniform float ui:roundness = 2
            uniform token ui:shape = "rectangle"
            uniform float2 ui:size = (26, 11)
            uniform color4f ui:stroke = (0.12, 0.12, 0.12, 1)
            uniform string ui:text = "BANK"
        }

        def RigExecPickerButton "b_L_Ball" (
            customData = {
                dictionary blender = {
                    bool unavailable = 1
                    string unsupportedReason = "No corresponding source control for this template slot"
                }
            }
        )
        {
            custom rel rigExec:picker:mirror = </Template/Body/b_R_Ball>
            uniform float ui:depth = 0.0045
            uniform color4f ui:fill = (0.24, 0.24, 0.24, 0.35)
            uniform float ui:fontSize = 7
            uniform float2 ui:position = (246, 401)
            uniform float ui:roundness = 2
            uniform token ui:shape = "rectangle"
            uniform float2 ui:size = (15, 27)
            uniform color4f ui:stroke = (0.12, 0.12, 0.12, 1)
            uniform string ui:text = "BALL"
        }

        def RigExecPickerButton "b_R_Ball" (
            customData = {
                dictionary blender = {
                    bool unavailable = 1
                    string unsupportedReason = "No corresponding source control for this template slot"
                }
            }
        )
        {
            custom rel rigExec:picker:mirror = </Template/Body/b_L_Ball>
            uniform float ui:depth = 0.0045
            uniform color4f ui:fill = (0.24, 0.24, 0.24, 0.35)
            uniform float ui:fontSize = 7
            uniform float2 ui:position = (156, 401)
            uniform float ui:roundness = 2
            uniform token ui:shape = "rectangle"
            uniform float2 ui:size = (15, 27)
            uniform color4f ui:stroke = (0.12, 0.12, 0.12, 1)
            uniform string ui:text = "BALL"
        }
    }

    def RigExecPickerPanel "Facial"
    {
        uniform color4f ui:background = (0.26666668, 0.26666668, 0.26666668, 1)
        uniform string ui:label = "Face"
        uniform int ui:order = 1
        uniform float2 ui:size = (400, 600)

        def RigExecPickerButton "b_L_CheekInner" (
            customData = {
                dictionary blender = {
                    bool unavailable = 1
                    string unsupportedReason = "No corresponding source control for this template slot"
                }
            }
        )
        {
            custom rel rigExec:picker:mirror = </Template/Facial/b_R_CheekInner>
            uniform float2[] ui:bezier = [(60.6267, 1.00239), (60.6267, 0.858491), (60.6267, 1.14628), (31.3296, 7.69308), (13.6095, 8.10093), (50.3478, 7.25535), (1, 1.77522), (1, 1.77522), (1, 1.77522), (5.36207, 10.6925), (5.54013, 10.9569), (2.01573, 5.72221), (31.5736, 16.6433), (44.9435, 16.352), (15.998, 16.9827), (58.0555, 9.06966), (59.967, 4.45616), (57.7889, 9.71292)]
            uniform float ui:depth = -0.0029
            uniform color4f ui:fill = (0.24, 0.24, 0.24, 0.35)
            uniform float2 ui:position = (654, 245)
            uniform token ui:shape = "bezier"
            uniform float2 ui:size = (60, 16)
            uniform color4f ui:stroke = (0, 0, 0, 0.5019608)
            uniform color4f ui:valueColor = (0.92156863, 0.92156863, 0.92156863, 1)
        }

        def RigExecPickerButton "b_R_CheekInner" (
            customData = {
                dictionary blender = {
                    bool unavailable = 1
                    string unsupportedReason = "No corresponding source control for this template slot"
                }
            }
        )
        {
            custom rel rigExec:picker:mirror = </Template/Facial/b_L_CheekInner>
            uniform float2[] ui:bezier = [(-0.626682, 1.00239), (-0.626682, 0.858491), (-0.626682, 1.14628), (28.6704, 7.69308), (46.3905, 8.10093), (9.65217, 7.25535), (59, 1.77522), (59, 1.77522), (59, 1.77522), (54.6379, 10.6925), (54.4599, 10.9569), (57.9843, 5.72221), (28.4264, 16.6433), (15.0565, 16.352), (44.002, 16.9827), (1.94455, 9.06966), (0.0330416, 4.45616), (2.21106, 9.71292)]
            uniform float ui:depth = -0.0029
            uniform color4f ui:fill = (0.24, 0.24, 0.24, 0.35)
            uniform float2 ui:position = (513, 245)
            uniform token ui:shape = "bezier"
            uniform float2 ui:size = (60, 16)
            uniform color4f ui:stroke = (0, 0, 0, 0.5019608)
            uniform color4f ui:valueColor = (0.92156863, 0.92156863, 0.92156863, 1)
        }

        def RigExecPickerButton "b_L_LowSocketLine" (
            customData = {
                dictionary blender = {
                    bool unavailable = 1
                    string unsupportedReason = "No corresponding source control for this template slot"
                }
            }
        )
        {
            custom rel rigExec:picker:mirror = </Template/Facial/b_R_LowSocketLine>
            uniform float2[] ui:bezier = [(55.286, 1.00127), (55.286, 0.893343), (55.286, 1.10919), (27.8929, 8.03792), (11.9449, 8.34381), (45.0093, 7.70962), (1, 1.58089), (1, 1.58089), (1, 1.58089), (28.5163, 12.732), (43.7077, 12.5194), (10.7273, 12.9809)]
            uniform float ui:depth = -0.0028
            uniform color4f ui:fill = (0.24, 0.24, 0.24, 0.35)
            uniform float2 ui:position = (657, 238)
            uniform token ui:shape = "bezier"
            uniform float2 ui:size = (55, 12)
            uniform color4f ui:stroke = (0, 0, 0, 0.5019608)
            uniform color4f ui:valueColor = (0.92156863, 0.92156863, 0.92156863, 1)
        }

        def RigExecPickerButton "b_R_LowSocketLine" (
            customData = {
                dictionary blender = {
                    bool unavailable = 1
                    string unsupportedReason = "No corresponding source control for this template slot"
                }
            }
        )
        {
            custom rel rigExec:picker:mirror = </Template/Facial/b_L_LowSocketLine>
            uniform float2[] ui:bezier = [(-0.286024, 1.00127), (-0.286024, 0.893343), (-0.286024, 1.10919), (27.1071, 8.03792), (43.0551, 8.34381), (9.99068, 7.70962), (54, 1.58089), (54, 1.58089), (54, 1.58089), (26.4837, 12.732), (11.2923, 12.5194), (44.2727, 12.9809)]
            uniform float ui:depth = -0.0028
            uniform color4f ui:fill = (0.24, 0.24, 0.24, 0.35)
            uniform float2 ui:position = (515, 238)
            uniform token ui:shape = "bezier"
            uniform float2 ui:size = (55, 12)
            uniform color4f ui:stroke = (0, 0, 0, 0.5019608)
            uniform color4f ui:valueColor = (0.92156863, 0.92156863, 0.92156863, 1)
        }

        def RigExecPickerButton "d_selectButton417734"
        {
            uniform float ui:depth = -0.0024
            uniform color4f ui:fill = (0.8980392, 0.8980392, 0.8980392, 0.24705882)
            uniform float2 ui:position = (673, 504)
            uniform float ui:roundness = 25
            uniform token ui:shape = "rectangle"
            uniform float2 ui:size = (55, 70)
            uniform color4f ui:stroke = (0, 0, 0, 0.5019608)
            uniform color4f ui:valueColor = (0.92156863, 0.92156863, 0.92156863, 1)
        }

        def RigExecPickerButton "d_selectButton417733"
        {
            uniform float ui:depth = -0.0022
            uniform color4f ui:fill = (0.8980392, 0.8980392, 0.8980392, 0.24705882)
            uniform float2 ui:position = (594, 484)
            uniform float ui:roundness = 32
            uniform token ui:shape = "rectangle"
            uniform float2 ui:size = (75, 100)
            uniform color4f ui:stroke = (0.12156863, 0.12156863, 0.12156863, 0.5686275)
            uniform color4f ui:valueColor = (0.92156863, 0.92156863, 0.92156863, 1)
        }

        def RigExecPickerButton "d_selectButton417732"
        {
            uniform float ui:depth = -0.0022
            uniform color4f ui:fill = (0.8980392, 0.8980392, 0.8980392, 0.24705882)
            uniform float2 ui:position = (525, 492)
            uniform float ui:roundness = 22
            uniform token ui:shape = "rectangle"
            uniform float2 ui:size = (68, 88)
            uniform color4f ui:stroke = (0.12156863, 0.12156863, 0.12156863, 0.5686275)
            uniform color4f ui:valueColor = (0.92156863, 0.92156863, 0.92156863, 1)
        }

        def RigExecPickerButton "b_M_UpFace" (
            customData = {
                dictionary blender = {
                    bool unavailable = 1
                    string unsupportedReason = "No corresponding source control for this template slot"
                }
            }
        )
        {
            uniform float2[] ui:bezier = [(9.95929, 52.6428), (9.95929, 52.6428), (9.95929, 52.6428), (11.6576, 58.1344), (11.6576, 58.1344), (11.6576, 58.1344), (1.08668, 58.3861), (1.08668, 58.3861), (1.08668, 58.3861), (26.5072, 1.00121), (53.0167, 0.696591), (-1.85302, 1.32709), (48.9074, 58.1344), (48.9074, 58.1344), (48.9074, 58.1344), (37.3298, 58.3861), (37.3298, 58.3861), (37.3298, 58.3861), (39.6315, 52.6944), (39.6315, 52.6944), (39.6315, 52.6944), (24.8496, 53.7169), (16.8435, 53.7169), (32.8557, 53.7169)]
            uniform float ui:depth = -0.0021
            uniform color4f ui:fill = (0.24, 0.24, 0.24, 0.35)
            uniform float2 ui:position = (599, 490)
            uniform token ui:shape = "bezier"
            uniform float2 ui:size = (49, 58)
            uniform color4f ui:stroke = (0.12156863, 0.12156863, 0.12156863, 0.5686275)
            uniform color4f ui:valueColor = (0.92156863, 0.92156863, 0.92156863, 1)
        }

        def RigExecPickerButton "d_selectButton417730"
        {
            uniform float2[] ui:bezier = [(122.802, 1), (112.653, 1), (132.951, 1), (87.5989, 21.9317), (60.9585, 39.0576), (114.239, 4.80576), (9.89789, 38.1062), (-6.9109, 58.0864), (26.7067, 18.1259), (15.9237, 129.762), (36.2211, 174.162), (2.96341, 101.411), (121.534, 193.508), (145.002, 193.508), (98.0647, 193.508), (225.241, 137.69), (239.098, 111.362), (203.04, 179.871), (236.975, 37.1547), (219.215, 15.9059), (254.999, 58.7189), (155.151, 21.6145), (129.661, 3.88228), (177.034, 36.8376)]
            uniform float ui:depth = -0.002
            uniform color4f ui:fill = (0.8980392, 0.8980392, 0.8980392, 0.24705882)
            uniform float2 ui:position = (492, 240)
            uniform token ui:shape = "bezier"
            uniform float2 ui:size = (245, 193)
            uniform color4f ui:stroke = (0, 0, 0, 0.5019608)
            uniform color4f ui:valueColor = (0.92156863, 0.92156863, 0.92156863, 1)
        }

        def RigExecPickerButton "d_selectButton417729"
        {
            custom rel rigExec:picker:mirror = </Template/Facial/d_selectButton417728>
            uniform float2[] ui:bezier = [(1, 31.2896), (1, 31.2896), (1, 31.2896), (35.2404, 1), (61.5791, 1), (8.90162, 1), (68.4272, 31.0262), (68.4272, 31.0262), (68.4272, 31.0262), (34.7136, 60.2622), (4.95081, 60.2622), (64.4764, 60.2622)]
            uniform float ui:depth = -0.0019
            uniform color4f ui:fill = (0.8980392, 0.8980392, 0.8980392, 1)
            uniform float2 ui:position = (650, 160)
            uniform token ui:shape = "bezier"
            uniform float2 ui:size = (68, 60)
            uniform color4f ui:stroke = (0, 0, 0, 0.5019608)
            uniform color4f ui:valueColor = (0.92156863, 0.92156863, 0.92156863, 1)
        }

        def RigExecPickerButton "d_selectButton417728"
        {
            custom rel rigExec:picker:mirror = </Template/Facial/d_selectButton417729>
            uniform float2[] ui:bezier = [(67, 31.2896), (67, 31.2896), (67, 31.2896), (32.7596, 1), (6.42088, 1), (59.0984, 1), (-0.427195, 31.0262), (-0.427195, 31.0262), (-0.427195, 31.0262), (33.2864, 60.2622), (63.0492, 60.2622), (3.52362, 60.2622)]
            uniform float ui:depth = -0.0019
            uniform color4f ui:fill = (0.8980392, 0.8980392, 0.8980392, 1)
            uniform float2 ui:position = (509, 160)
            uniform token ui:shape = "bezier"
            uniform float2 ui:size = (68, 60)
            uniform color4f ui:stroke = (0, 0, 0, 0.5019608)
            uniform color4f ui:valueColor = (0.92156863, 0.92156863, 0.92156863, 1)
        }

        def RigExecPickerButton "d_selectButton417727"
        {
            custom rel rigExec:picker:mirror = </Template/Facial/d_selectButton417726>
            uniform float ui:depth = -0.0018
            uniform color4f ui:fill = (0.8980392, 0.8980392, 0.8980392, 0.24705882)
            uniform float2 ui:position = (480, 137)
            uniform token ui:shape = "circle"
            uniform float2 ui:size = (124, 108)
            uniform color4f ui:stroke = (0, 0, 0, 0.5019608)
            uniform color4f ui:valueColor = (0.92156863, 0.92156863, 0.92156863, 1)
        }

        def RigExecPickerButton "d_selectButton417726"
        {
            custom rel rigExec:picker:mirror = </Template/Facial/d_selectButton417727>
            uniform float ui:depth = -0.0018
            uniform color4f ui:fill = (0.8980392, 0.8980392, 0.8980392, 0.24705882)
            uniform float2 ui:position = (623, 137)
            uniform token ui:shape = "circle"
            uniform float2 ui:size = (124, 108)
            uniform color4f ui:stroke = (0, 0, 0, 0.5019608)
            uniform color4f ui:valueColor = (0.92156863, 0.92156863, 0.92156863, 1)
        }

        def RigExecPickerButton "d_selectButton417725"
        {
            custom rel rigExec:picker:mirror = </Template/Facial/d_selectButton417724>
            uniform float ui:depth = -0.0016
            uniform color4f ui:fill = (0.8980392, 0.8980392, 0.8980392, 0.24705882)
            uniform float2[] ui:polygon = [(123.044, 25.2942), (89.1905, 1), (1, 1.10558), (1, 25.4325)]
            uniform float2 ui:position = (626, 89)
            uniform float ui:roundness = 2
            uniform token ui:shape = "polygon"
            uniform float2 ui:size = (123, 25)
            uniform color4f ui:stroke = (0, 0, 0, 0.5019608)
            uniform color4f ui:valueColor = (0.92156863, 0.92156863, 0.92156863, 1)
        }

        def RigExecPickerButton "d_selectButton417724"
        {
            custom rel rigExec:picker:mirror = </Template/Facial/d_selectButton417725>
            uniform float ui:depth = -0.0016
            uniform color4f ui:fill = (0.8980392, 0.8980392, 0.8980392, 0.24705882)
            uniform float2[] ui:polygon = [(1, 25.8252), (35.483, 1.30605), (123.044, 1), (123.044, 25.9671)]
            uniform float2 ui:position = (478, 89)
            uniform float ui:roundness = 2
            uniform token ui:shape = "polygon"
            uniform float2 ui:size = (123, 25)
            uniform color4f ui:stroke = (0, 0, 0, 0.5019608)
            uniform color4f ui:valueColor = (0.92156863, 0.92156863, 0.92156863, 1)
        }

        def RigExecPickerButton "t_Zero_Ctrls" (
            customData = {
                dictionary blender = {
                    bool unavailable = 1
                    string unsupportedReason = "No corresponding source control for this template slot"
                }
            }
        )
        {
            uniform float ui:depth = 0.0004
            uniform color4f ui:fill = (0.24, 0.24, 0.24, 0.35)
            uniform float ui:fontSize = 10
            uniform float2 ui:position = (445, 445)
            uniform float ui:roundness = 3
            uniform token ui:shape = "rectangle"
            uniform float2 ui:size = (59, 17)
            uniform color4f ui:stroke = (0.12156863, 0.12156863, 0.12156863, 1)
            uniform string ui:text = "Zero Ctrls (unavailable)"
            uniform color4f ui:textColor = (0.5, 0.5, 0.5, 0.5)
            uniform color4f ui:valueColor = (0.92156863, 0.92156863, 0.92156863, 1)
        }

        def RigExecPickerButton "t_Ctrl_Vis" (
            customData = {
                dictionary blender = {
                    bool unavailable = 1
                    string unsupportedReason = "No corresponding source control for this template slot"
                }
            }
        )
        {
            uniform float ui:depth = 0.0004
            uniform color4f ui:fill = (0.24, 0.24, 0.24, 0.35)
            uniform float ui:fontSize = 10
            uniform float2 ui:position = (445, 466)
            uniform float ui:roundness = 3
            uniform token ui:shape = "rectangle"
            uniform float2 ui:size = (59, 17)
            uniform color4f ui:stroke = (0.12156863, 0.12156863, 0.12156863, 1)
            uniform string ui:text = "Ctrl Vis (unavailable)"
            uniform color4f ui:textColor = (0.5, 0.5, 0.5, 0.5)
            uniform color4f ui:valueColor = (0.92156863, 0.92156863, 0.92156863, 1)
        }

        def RigExecPickerButton "t_Body" (
            customData = {
                dictionary blender = {
                    bool unavailable = 1
                    string unsupportedReason = "No corresponding source control for this template slot"
                }
            }
        )
        {
            uniform float ui:depth = 0.0046
            uniform token ui:direction = "left"
            uniform color4f ui:fill = (0.24, 0.24, 0.24, 0.35)
            uniform float ui:fontSize = 11
            uniform float2 ui:position = (433, 585)
            uniform float ui:roundness = 4
            uniform token ui:shape = "triangle"
            uniform float2 ui:size = (52, 13)
            uniform color4f ui:stroke = (0, 0, 0, 1)
            uniform float ui:strokeWidth = 0
            uniform string ui:text = "Body (unavailable)"
            uniform token ui:textAlign = "left"
            uniform color4f ui:textColor = (0.5, 0.5, 0.5, 0.5)
            uniform color4f ui:valueColor = (0.92156863, 0.92156863, 0.92156863, 1)
        }

        def RigExecPickerButton "d_slider152"
        {
            uniform float ui:depth = 0.0156
            uniform color4f ui:fill = (0.6, 0.6, 0.6, 1)
            uniform float2 ui:position = (339, 94)
            uniform float ui:roundness = 2
            uniform token ui:shape = "slider"
            uniform float2 ui:size = (65, 65)
            uniform color4f ui:stroke = (0, 0, 0, 0.78431374)
            uniform float ui:strokeWidth = 0
            uniform color4f ui:valueColor = (0, 0, 0, 0.39215687)
        }

        def RigExecPickerButton "d_slider151"
        {
            uniform float ui:depth = 0.0178
            uniform color4f ui:fill = (0.6862745, 0.21176471, 0.23921569, 1)
            uniform float2 ui:position = (341, 43)
            uniform float ui:roundness = 2
            uniform token ui:shape = "slider"
            uniform float2 ui:size = (65, 65)
            uniform color4f ui:stroke = (0, 0, 0, 0.78431374)
            uniform float ui:strokeWidth = 0
            uniform color4f ui:valueColor = (0, 0, 0, 0.39215687)
        }

        def RigExecPickerButton "b_L_Eye" (
            customData = {
                dictionary blender = {
                    string[] controlNames = ["CTR-Eye.L"]
                }
            }
        )
        {
            custom rel rigExec:picker:mirror = </Template/Facial/b_R_Eye>
            uniform float ui:depth = 0.0302
            uniform color4f ui:fill = (0.36862746, 0.23921569, 0.42352942, 1)
            uniform float2 ui:position = (670, 179)
            uniform token ui:shape = "circle"
            uniform float2 ui:size = (25, 25)
            uniform color4f ui:stroke = (0, 0, 0, 0.5019608)
            uniform color4f ui:valueColor = (0.92156863, 0.92156863, 0.92156863, 1)
        }

        def RigExecPickerButton "b_R_Eye" (
            customData = {
                dictionary blender = {
                    string[] controlNames = ["CTR-Eye.R"]
                }
            }
        )
        {
            custom rel rigExec:picker:mirror = </Template/Facial/b_L_Eye>
            uniform float ui:depth = 0.0302
            uniform color4f ui:fill = (0.36862746, 0.23921569, 0.42352942, 1)
            uniform float2 ui:position = (532, 179)
            uniform token ui:shape = "circle"
            uniform float2 ui:size = (25, 25)
            uniform color4f ui:stroke = (0, 0, 0, 0.5019608)
            uniform color4f ui:valueColor = (0.92156863, 0.92156863, 0.92156863, 1)
        }

        def RigExecPickerButton "b_M_LoTeeth" (
            customData = {
                dictionary blender = {
                    string[] controlNames = ["Teeth_Bottom_Root"]
                }
            }
        )
        {
            uniform float ui:depth = 0.0319
            uniform color4f ui:fill = (0.8980392, 0.8980392, 0.8980392, 1)
            uniform float2 ui:position = (537, 547)
            uniform float ui:roundness = 2
            uniform token ui:shape = "rectangle"
            uniform float2 ui:size = (43, 11)
            uniform color4f ui:stroke = (0.12156863, 0.12156863, 0.12156863, 1)
            uniform color4f ui:valueColor = (0.92156863, 0.92156863, 0.92156863, 1)
        }

        def RigExecPickerButton "b_M_UpTeeth" (
            customData = {
                dictionary blender = {
                    string[] controlNames = ["Teeth_Top_Root"]
                }
            }
        )
        {
            uniform float ui:depth = 0.0319
            uniform color4f ui:fill = (0.8980392, 0.8980392, 0.8980392, 1)
            uniform float2 ui:position = (537, 516)
            uniform float ui:roundness = 2
            uniform token ui:shape = "rectangle"
            uniform float2 ui:size = (43, 11)
            uniform color4f ui:stroke = (0.12156863, 0.12156863, 0.12156863, 1)
            uniform color4f ui:valueColor = (0.92156863, 0.92156863, 0.92156863, 1)
        }

        def RigExecPickerButton "b_R_Brow" (
            customData = {
                dictionary blender = {
                    string[] controlNames = ["MSTR-Eyebrow.R"]
                }
            }
        )
        {
            custom rel rigExec:picker:mirror = </Template/Facial/b_L_Brow>
            uniform float ui:depth = 0.0443
            uniform color4f ui:fill = (0.28235295, 0.5921569, 0.88235295, 1)
            uniform float2 ui:position = (525, 96)
            uniform float ui:roundness = 3
            uniform token ui:shape = "rectangle"
            uniform float2 ui:size = (50, 15)
            uniform color4f ui:stroke = (0, 0, 0, 0.5019608)
            uniform color4f ui:valueColor = (0.92156863, 0.92156863, 0.92156863, 1)
        }

        def RigExecPickerButton "b_L_Brow" (
            customData = {
                dictionary blender = {
                    string[] controlNames = ["MSTR-Eyebrow.L"]
                }
            }
        )
        {
            custom rel rigExec:picker:mirror = </Template/Facial/b_R_Brow>
            uniform float ui:depth = 0.0443
            uniform color4f ui:fill = (0.28235295, 0.5921569, 0.88235295, 1)
            uniform float2 ui:position = (652, 96)
            uniform float ui:roundness = 3
            uniform token ui:shape = "rectangle"
            uniform float2 ui:size = (50, 15)
            uniform color4f ui:stroke = (0, 0, 0, 0.5019608)
            uniform color4f ui:valueColor = (0.92156863, 0.92156863, 0.92156863, 1)
        }

        def RigExecPickerButton "b_L_EyeSocket" (
            customData = {
                dictionary blender = {
                    bool unavailable = 1
                    string unsupportedReason = "No corresponding source control for this template slot"
                }
            }
        )
        {
            custom rel rigExec:picker:mirror = </Template/Facial/b_R_EyeSocket>
            uniform float2[] ui:bezier = [(1, 1.61933), (1, 1.47543), (1, 1.76322), (25.6059, 15.5771), (37.2613, 27.8081), (13.9505, 3.34606), (40.1392, 46.8021), (40.1392, 46.8021), (40.1392, 46.8021), (31.3617, 10.3969), (17.5478, -2.6975), (45.1755, 23.4912)]
            uniform float ui:depth = 0.0445
            uniform color4f ui:fill = (0.24, 0.24, 0.24, 0.35)
            uniform float2 ui:position = (699, 138)
            uniform token ui:shape = "bezier"
            uniform float2 ui:size = (41, 46)
            uniform color4f ui:stroke = (0, 0, 0, 0.5019608)
            uniform color4f ui:valueColor = (0.92156863, 0.92156863, 0.92156863, 1)
        }

        def RigExecPickerButton "b_R_EyeSocket" (
            customData = {
                dictionary blender = {
                    bool unavailable = 1
                    string unsupportedReason = "No corresponding source control for this template slot"
                }
            }
        )
        {
            custom rel rigExec:picker:mirror = </Template/Facial/b_L_EyeSocket>
            uniform float2[] ui:bezier = [(40, 1.61933), (40, 1.47543), (40, 1.76322), (15.3941, 15.5771), (3.73868, 27.8081), (27.0495, 3.34606), (0.860795, 46.8021), (0.860795, 46.8021), (0.860795, 46.8021), (9.63834, 10.3969), (23.4522, -2.6975), (-4.1755, 23.4912)]
            uniform float ui:depth = 0.0445
            uniform color4f ui:fill = (0.24, 0.24, 0.24, 0.35)
            uniform float2 ui:position = (487, 138)
            uniform token ui:shape = "bezier"
            uniform float2 ui:size = (41, 46)
            uniform color4f ui:stroke = (0, 0, 0, 0.5019608)
            uniform color4f ui:valueColor = (0.92156863, 0.92156863, 0.92156863, 1)
        }

        def RigExecPickerButton "b_M_Nose" (
            customData = {
                dictionary blender = {
                    string[] controlNames = ["Nose_Tip"]
                }
            }
        )
        {
            uniform float2[] ui:bezier = [(14.9608, 18.14), (14.9608, 18.14), (14.9608, 18.14), (21.0839, 13.1802), (25.6619, 11.0064), (17.0667, 15.0878), (29.1573, 12.0744), (29.1573, 12.0744), (29.1573, 12.0744), (15.6612, 1.0057), (4.68958, 0.714417), (26.6328, 1.29698), (1, 11.6861), (1, 11.6861), (1, 11.6861), (8.67044, 13.0454), (12.9426, 15.0843), (4.39829, 11.0064)]
            uniform float ui:depth = 0.0448
            uniform color4f ui:fill = (0.28235295, 0.5921569, 0.88235295, 1)
            uniform float2 ui:position = (598, 259)
            uniform token ui:shape = "bezier"
            uniform float2 ui:size = (29, 18)
            uniform color4f ui:stroke = (0, 0, 0, 0.5019608)
            uniform color4f ui:valueColor = (0.92156863, 0.92156863, 0.92156863, 1)
        }

        def RigExecPickerButton "b_M_LoFace" (
            customData = {
                dictionary blender = {
                    bool unavailable = 1
                    string unsupportedReason = "No corresponding source control for this template slot"
                }
            }
        )
        {
            uniform float2[] ui:bezier = [(1, 2.00675), (1, 1.75506), (1, 2.25844), (12.0743, 2.00675), (12.0743, 2.00675), (12.0743, 2.00675), (24.9104, 10.3125), (33.4678, 10.5642), (16.353, 10.0608), (37.7465, 1.25169), (37.7465, 1.25169), (37.7465, 1.25169), (49.5758, 1), (49.5758, 1), (49.5758, 1), (25.1375, 29.4966), (3.40278, 29.082), (46.58, 29.9056)]
            uniform float ui:depth = 0.0449
            uniform color4f ui:fill = (0.24, 0.24, 0.24, 0.35)
            uniform float2 ui:position = (599, 547)
            uniform token ui:shape = "bezier"
            uniform float2 ui:size = (49, 29)
            uniform color4f ui:stroke = (0.12156863, 0.12156863, 0.12156863, 0.5686275)
            uniform color4f ui:valueColor = (0.92156863, 0.92156863, 0.92156863, 1)
        }

        def RigExecPickerButton "b_M_NoseBridge" (
            customData = {
                dictionary blender = {
                    string[] controlNames = ["NoseBridge1"]
                }
            }
        )
        {
            uniform float ui:depth = 0.0449
            uniform color4f ui:fill = (0.60784316, 0.7176471, 0.8392157, 1)
            uniform float2[] ui:polygon = [(17.7776, 10.7577), (17.214, 3.22975), (11.2341, 1.20809), (9.24414, 1), (7.92342, 1.16647), (1.4205, 3.11154), (1, 10.6809), (9.38628, 10.8346)]
            uniform float2 ui:position = (604, 246)
            uniform float ui:roundness = 2
            uniform token ui:shape = "polygon"
            uniform float2 ui:size = (17, 10)
            uniform color4f ui:stroke = (0, 0, 0, 0.5019608)
            uniform color4f ui:valueColor = (0.92156863, 0.92156863, 0.92156863, 1)
        }

        def RigExecPickerButton "b_M_Jaw" (
            customData = {
                dictionary blender = {
                    string[] controlNames = ["Jaw"]
                }
            }
        )
        {
            uniform float2[] ui:bezier = [(1, 1), (1, 1), (1, 1), (39.6424, 26.1684), (75.7426, 26.6769), (3.54226, 25.66), (79.3017, 1.76268), (79.3017, 1.76268), (79.3017, 1.76268)]
            uniform float ui:depth = 0.045
            uniform color4f ui:fill = (0.28235295, 0.5921569, 0.88235295, 1)
            uniform float2 ui:position = (573, 392)
            uniform token ui:shape = "bezier"
            uniform float2 ui:size = (79, 26)
            uniform color4f ui:stroke = (0, 0, 0, 0.5019608)
            uniform color4f ui:valueColor = (0.92156863, 0.92156863, 0.92156863, 1)
        }

        def RigExecPickerButton "b_M_Chin" (
            customData = {
                dictionary blender = {
                    string[] controlNames = ["Chin_Main"]
                }
            }
        )
        {
            uniform float ui:depth = 0.045
            uniform color4f ui:fill = (0.60784316, 0.7176471, 0.8392157, 1)
            uniform float2[] ui:polygon = [(1, 1), (10.2668, 4.70754), (24.1976, 6.58673), (38.4561, 7.63996), (52.8056, 6.4525), (66.5315, 4.43912), (75.9143, 1), (75.9143, 5.34781), (66.5315, 7.90065), (52.8056, 9.91404), (38.4561, 10.7169), (24.1976, 10.0483), (10.2668, 8.16908), (1, 5.34781)]
            uniform float2 ui:position = (576, 425)
            uniform float ui:roundness = 3
            uniform token ui:shape = "polygon"
            uniform float2 ui:size = (76, 10)
            uniform color4f ui:stroke = (0, 0, 0, 0.5686275)
            uniform color4f ui:valueColor = (0.92156863, 0.92156863, 0.92156863, 1)
        }

        def RigExecPickerButton "b_L_Cheek" (
            customData = {
                dictionary blender = {
                    string[] controlNames = ["CTR-Cheek_Mid.L"]
                }
            }
        )
        {
            custom rel rigExec:picker:mirror = </Template/Facial/b_R_Cheek>
            uniform float2[] ui:bezier = [(1, 3.02974), (1, 3.02974), (1, 3.02974), (25.1032, 16.9842), (47.3034, 24.9129), (2.90288, 9.05553), (68.2351, 26.4986), (68.2351, 26.4986), (68.2351, 26.4986), (53.6464, 1.44401), (33.349, -0.141729), (73.9438, 3.02974)]
            uniform float ui:depth = 0.0456
            uniform color4f ui:fill = (0.60784316, 0.7176471, 0.8392157, 1)
            uniform float2 ui:position = (665, 262)
            uniform token ui:shape = "bezier"
            uniform float2 ui:size = (68, 26)
            uniform color4f ui:stroke = (0, 0, 0, 0.5019608)
            uniform color4f ui:valueColor = (0.92156863, 0.92156863, 0.92156863, 1)
        }

        def RigExecPickerButton "b_R_Cheek" (
            customData = {
                dictionary blender = {
                    string[] controlNames = ["CTR-Cheek_Mid.R"]
                }
            }
        )
        {
            custom rel rigExec:picker:mirror = </Template/Facial/b_L_Cheek>
            uniform float2[] ui:bezier = [(67, 3.02974), (67, 3.02974), (67, 3.02974), (42.8968, 16.9842), (20.6966, 24.9129), (65.0971, 9.05553), (-0.235134, 26.4986), (-0.235134, 26.4986), (-0.235134, 26.4986), (14.3536, 1.44401), (34.651, -0.141729), (-5.94378, 3.02974)]
            uniform float ui:depth = 0.0456
            uniform color4f ui:fill = (0.60784316, 0.7176471, 0.8392157, 1)
            uniform float2 ui:position = (494, 262)
            uniform token ui:shape = "bezier"
            uniform float2 ui:size = (68, 26)
            uniform color4f ui:stroke = (0, 0, 0, 0.5019608)
            uniform color4f ui:valueColor = (0.92156863, 0.92156863, 0.92156863, 1)
        }

        def RigExecPickerButton "b_L_CheekPuff" (
            customData = {
                dictionary blender = {
                    string[] controlNames = ["CTR-CheekPuff.L"]
                }
            }
        )
        {
            custom rel rigExec:picker:mirror = </Template/Facial/b_R_CheekPuff>
            uniform float2[] ui:bezier = [(10.3664, 74.2609), (10.3664, 74.2609), (10.3664, 74.2609), (4.97487, 26.6889), (16.3922, 1.31715), (-6.44241, 52.0606), (32.8838, 1), (32.8838, 1), (32.8838, 1), (31.9324, 40.3262), (25.9066, 63.1608), (37.9581, 17.4916)]
            uniform float ui:depth = 0.0457
            uniform color4f ui:fill = (0.60784316, 0.7176471, 0.8392157, 1)
            uniform float2 ui:position = (705, 307)
            uniform token ui:shape = "bezier"
            uniform float2 ui:size = (34, 74)
            uniform color4f ui:stroke = (0, 0, 0, 0.5019608)
            uniform color4f ui:valueColor = (0.92156863, 0.92156863, 0.92156863, 1)
        }

        def RigExecPickerButton "b_R_CheekPuff" (
            customData = {
                dictionary blender = {
                    string[] controlNames = ["CTR-CheekPuff.R"]
                }
            }
        )
        {
            custom rel rigExec:picker:mirror = </Template/Facial/b_L_CheekPuff>
            uniform float2[] ui:bezier = [(23.6336, 74.2609), (23.6336, 74.2609), (23.6336, 74.2609), (29.0251, 26.6889), (17.6078, 1.31715), (40.4424, 52.0606), (1.1162, 1), (1.1162, 1), (1.1162, 1), (2.06764, 40.3262), (8.09343, 63.1608), (-3.95815, 17.4916)]
            uniform float ui:depth = 0.0457
            uniform color4f ui:fill = (0.60784316, 0.7176471, 0.8392157, 1)
            uniform float2 ui:position = (488, 307)
            uniform token ui:shape = "bezier"
            uniform float2 ui:size = (34, 74)
            uniform color4f ui:stroke = (0, 0, 0, 0.5019608)
            uniform color4f ui:valueColor = (0.92156863, 0.92156863, 0.92156863, 1)
        }

        def RigExecPickerButton "b_L_Sneer" (
            customData = {
                dictionary blender = {
                    bool unavailable = 1
                    string unsupportedReason = "No corresponding source control for this template slot"
                }
            }
        )
        {
            custom rel rigExec:picker:mirror = </Template/Facial/b_R_Sneer>
            uniform float2[] ui:bezier = [(1, 1.20117), (1, 1.20117), (1, 1.20117), (6.45209, 6.38272), (8.64024, 9.82703), (4.26394, 2.93841), (8.874, 11.9813), (8.874, 11.9813), (8.874, 11.9813), (15.6877, 15.9485), (18.6292, 20.0438), (13.6275, 13.0802), (18.2918, 22.9395), (18.2918, 22.9395), (18.2918, 22.9395), (21.108, 6.2825), (16.175, -0.550249), (27.0902, 14.5686)]
            uniform float ui:depth = 0.0458
            uniform color4f ui:fill = (0.24, 0.24, 0.24, 0.35)
            uniform float2 ui:position = (621, 259)
            uniform token ui:shape = "bezier"
            uniform float2 ui:size = (23, 22)
            uniform color4f ui:stroke = (0, 0, 0, 0.5019608)
            uniform color4f ui:valueColor = (0.92156863, 0.92156863, 0.92156863, 1)
        }

        def RigExecPickerButton "b_L_Ear" (
            customData = {
                dictionary blender = {
                    string[] controlNames = ["CTR-Ear.L"]
                }
            }
        )
        {
            custom rel rigExec:picker:mirror = </Template/Facial/b_R_Ear>
            uniform float2[] ui:bezier = [(13.0487, 1), (13.0487, 1), (13.0487, 1), (30.5691, 45.5556), (26.1075, 73.0178), (35.0306, 18.0934), (10.2599, 77.5925), (10.2599, 77.5925), (10.2599, 77.5925), (1.00049, 39.3601), (0.91094, 15.744), (1.09014, 62.9762)]
            uniform float ui:depth = 0.0458
            uniform color4f ui:fill = (0.60784316, 0.7176471, 0.8392157, 1)
            uniform float2 ui:position = (761, 146)
            uniform token ui:shape = "bezier"
            uniform float2 ui:size = (31, 77)
            uniform color4f ui:stroke = (0, 0, 0, 0.5019608)
            uniform color4f ui:valueColor = (0.92156863, 0.92156863, 0.92156863, 1)
        }

        def RigExecPickerButton "b_R_Ear" (
            customData = {
                dictionary blender = {
                    string[] controlNames = ["CTR-Ear.R"]
                }
            }
        )
        {
            custom rel rigExec:picker:mirror = </Template/Facial/b_L_Ear>
            uniform float2[] ui:bezier = [(17.9513, 1), (17.9513, 1), (17.9513, 1), (0.4309, 45.5556), (4.8925, 73.0178), (-4.0306, 18.0934), (20.7401, 77.5925), (20.7401, 77.5925), (20.7401, 77.5925), (29.9995, 39.3601), (30.0891, 15.744), (29.9099, 62.9762)]
            uniform float ui:depth = 0.0458
            uniform color4f ui:fill = (0.60784316, 0.7176471, 0.8392157, 1)
            uniform float2 ui:position = (435, 146)
            uniform token ui:shape = "bezier"
            uniform float2 ui:size = (31, 77)
            uniform color4f ui:stroke = (0, 0, 0, 0.5019608)
            uniform color4f ui:valueColor = (0.92156863, 0.92156863, 0.92156863, 1)
        }

        def RigExecPickerButton "b_R_Sneer" (
            customData = {
                dictionary blender = {
                    bool unavailable = 1
                    string unsupportedReason = "No corresponding source control for this template slot"
                }
            }
        )
        {
            custom rel rigExec:picker:mirror = </Template/Facial/b_L_Sneer>
            uniform float2[] ui:bezier = [(22, 1.20117), (22, 1.20117), (22, 1.20117), (16.5479, 6.38272), (14.3598, 9.82703), (18.7361, 2.93841), (14.126, 11.9813), (14.126, 11.9813), (14.126, 11.9813), (7.31231, 15.9485), (4.3708, 20.0438), (9.37254, 13.0802), (4.7082, 22.9395), (4.7082, 22.9395), (4.7082, 22.9395), (1.89203, 6.2825), (6.82502, -0.550249), (-4.09019, 14.5686)]
            uniform float ui:depth = 0.0458
            uniform color4f ui:fill = (0.24, 0.24, 0.24, 0.35)
            uniform float2 ui:position = (583, 259)
            uniform token ui:shape = "bezier"
            uniform float2 ui:size = (23, 22)
            uniform color4f ui:stroke = (0, 0, 0, 0.5019608)
            uniform color4f ui:valueColor = (0.92156863, 0.92156863, 0.92156863, 1)
        }

        def RigExecPickerButton "b_R_InBrow" (
            customData = {
                dictionary blender = {
                    string[] controlNames = ["Eyebrow1.R"]
                }
            }
        )
        {
            custom rel rigExec:picker:mirror = </Template/Facial/b_L_InBrow>
            uniform float ui:depth = 0.0461
            uniform color4f ui:fill = (0.60784316, 0.7176471, 0.8392157, 1)
            uniform float2 ui:position = (574, 96)
            uniform float ui:roundness = 2
            uniform token ui:shape = "rectangle"
            uniform float2 ui:size = (18, 15)
            uniform color4f ui:stroke = (0, 0, 0, 0.5019608)
            uniform color4f ui:valueColor = (0.92156863, 0.92156863, 0.92156863, 1)
        }

        def RigExecPickerButton "b_L_InBrow" (
            customData = {
                dictionary blender = {
                    string[] controlNames = ["Eyebrow1.L"]
                }
            }
        )
        {
            custom rel rigExec:picker:mirror = </Template/Facial/b_R_InBrow>
            uniform float ui:depth = 0.0461
            uniform color4f ui:fill = (0.60784316, 0.7176471, 0.8392157, 1)
            uniform float2 ui:position = (635, 96)
            uniform float ui:roundness = 2
            uniform token ui:shape = "rectangle"
            uniform float2 ui:size = (18, 15)
            uniform color4f ui:stroke = (0, 0, 0, 0.5019608)
            uniform color4f ui:valueColor = (0.92156863, 0.92156863, 0.92156863, 1)
        }

        def RigExecPickerButton "b_R_MidBrow" (
            customData = {
                dictionary blender = {
                    string[] controlNames = ["Eyebrow3.R"]
                }
            }
        )
        {
            custom rel rigExec:picker:mirror = </Template/Facial/b_L_MidBrow>
            uniform float ui:depth = 0.0463
            uniform color4f ui:fill = (0.60784316, 0.7176471, 0.8392157, 1)
            uniform float2[] ui:polygon = [(34.8366, 1), (35, 13.9118), (23.3426, 13.8506), (-0.551374, 16.3301), (20.6253, 1.05313)]
            uniform float2 ui:position = (490, 96)
            uniform float ui:roundness = 1
            uniform token ui:shape = "polygon"
            uniform float2 ui:size = (36, 16)
            uniform color4f ui:stroke = (0, 0, 0, 0.5019608)
            uniform color4f ui:valueColor = (0.92156863, 0.92156863, 0.92156863, 1)
        }

        def RigExecPickerButton "b_L_MidBrow" (
            customData = {
                dictionary blender = {
                    string[] controlNames = ["Eyebrow3.L"]
                }
            }
        )
        {
            custom rel rigExec:picker:mirror = </Template/Facial/b_R_MidBrow>
            uniform float ui:depth = 0.0463
            uniform color4f ui:fill = (0.60784316, 0.7176471, 0.8392157, 1)
            uniform float2[] ui:polygon = [(1.16344, 1), (1, 13.9118), (12.6574, 13.8506), (36.5514, 16.3301), (15.3747, 1.05313)]
            uniform float2 ui:position = (701, 96)
            uniform float ui:roundness = 1
            uniform token ui:shape = "polygon"
            uniform float2 ui:size = (36, 16)
            uniform color4f ui:stroke = (0, 0, 0, 0.5019608)
            uniform color4f ui:valueColor = (0.92156863, 0.92156863, 0.92156863, 1)
        }

        def RigExecPickerButton "b_R_UpSocketLine" (
            customData = {
                dictionary blender = {
                    bool unavailable = 1
                    string unsupportedReason = "No corresponding source control for this template slot"
                }
            }
        )
        {
            custom rel rigExec:picker:mirror = </Template/Facial/b_L_UpSocketLine>
            uniform float ui:depth = 0.0469
            uniform color4f ui:fill = (0.24, 0.24, 0.24, 0.35)
            uniform float2 ui:position = (509, 121)
            uniform float ui:roundness = 2
            uniform token ui:shape = "rectangle"
            uniform float2 ui:size = (61, 10)
            uniform color4f ui:stroke = (0.12156863, 0.12156863, 0.12156863, 0.5686275)
            uniform color4f ui:valueColor = (0.92156863, 0.92156863, 0.92156863, 1)
        }

        def RigExecPickerButton "b_L_UpSocketLine" (
            customData = {
                dictionary blender = {
                    bool unavailable = 1
                    string unsupportedReason = "No corresponding source control for this template slot"
                }
            }
        )
        {
            custom rel rigExec:picker:mirror = </Template/Facial/b_R_UpSocketLine>
            uniform float ui:depth = 0.0469
            uniform color4f ui:fill = (0.24, 0.24, 0.24, 0.35)
            uniform float2 ui:position = (657, 121)
            uniform float ui:roundness = 2
            uniform token ui:shape = "rectangle"
            uniform float2 ui:size = (61, 10)
            uniform color4f ui:stroke = (0.12156863, 0.12156863, 0.12156863, 0.5686275)
            uniform color4f ui:valueColor = (0.92156863, 0.92156863, 0.92156863, 1)
        }

        def RigExecPickerButton "b_R_InLid" (
            customData = {
                dictionary blender = {
                    bool unavailable = 1
                    string unsupportedReason = "No corresponding source control for this template slot"
                }
            }
        )
        {
            custom rel rigExec:picker:mirror = </Template/Facial/b_L_InLid>
            uniform float ui:depth = 0.047
            uniform color4f ui:fill = (0.24, 0.24, 0.24, 0.35)
            uniform float2 ui:position = (571.6334, 186.70738)
            uniform float ui:rotation = 272.191
            uniform float ui:roundness = 2
            uniform token ui:shape = "trapezoid"
            uniform float2 ui:size = (8.84909, 12)
            uniform float ui:slopeLeft = 3
            uniform float ui:slopeRight = 3
            uniform color4f ui:stroke = (0, 0, 0, 0.5019608)
            uniform color4f ui:valueColor = (0.92156863, 0.92156863, 0.92156863, 1)
        }

        def RigExecPickerButton "b_L_InLid" (
            customData = {
                dictionary blender = {
                    bool unavailable = 1
                    string unsupportedReason = "No corresponding source control for this template slot"
                }
            }
        )
        {
            custom rel rigExec:picker:mirror = </Template/Facial/b_R_InLid>
            uniform float ui:depth = 0.047
            uniform color4f ui:fill = (0.24, 0.24, 0.24, 0.35)
            uniform float2 ui:position = (645.9825, 184.17102)
            uniform float ui:rotation = 92.371284
            uniform float ui:roundness = 2
            uniform token ui:shape = "trapezoid"
            uniform float2 ui:size = (8.84909, 12)
            uniform float ui:slopeLeft = 3
            uniform float ui:slopeRight = 3
            uniform color4f ui:stroke = (0, 0, 0, 0.5019608)
            uniform color4f ui:valueColor = (0.92156863, 0.92156863, 0.92156863, 1)
        }

        def RigExecPickerButton "b_L_UpLid2" (
            customData = {
                dictionary blender = {
                    bool unavailable = 1
                    string unsupportedReason = "No corresponding source control for this template slot"
                }
            }
        )
        {
            custom rel rigExec:picker:mirror = </Template/Facial/b_R_UpLid2>
            uniform float ui:depth = 0.0471
            uniform color4f ui:fill = (0.24, 0.24, 0.24, 0.35)
            uniform float2 ui:position = (660.96765, 157.04218)
            uniform float ui:rotation = 152.37128
            uniform float ui:roundness = 2
            uniform token ui:shape = "trapezoid"
            uniform float2 ui:size = (13.273634, 12)
            uniform float ui:slopeLeft = -3
            uniform float ui:slopeRight = -3
            uniform color4f ui:stroke = (0, 0, 0, 0.5019608)
            uniform color4f ui:valueColor = (0.92156863, 0.92156863, 0.92156863, 1)
        }

        def RigExecPickerButton "b_R_UpLid2" (
            customData = {
                dictionary blender = {
                    bool unavailable = 1
                    string unsupportedReason = "No corresponding source control for this template slot"
                }
            }
        )
        {
            custom rel rigExec:picker:mirror = </Template/Facial/b_L_UpLid2>
            uniform float ui:depth = 0.0471
            uniform color4f ui:fill = (0.24, 0.24, 0.24, 0.35)
            uniform float2 ui:position = (554.6878, 158.77367)
            uniform float ui:rotation = 212.19102
            uniform float ui:roundness = 2
            uniform token ui:shape = "trapezoid"
            uniform float2 ui:size = (13.273634, 12)
            uniform float ui:slopeLeft = -3
            uniform float ui:slopeRight = -3
            uniform color4f ui:stroke = (0, 0, 0, 0.5019608)
            uniform color4f ui:valueColor = (0.92156863, 0.92156863, 0.92156863, 1)
        }

        def RigExecPickerButton "b_R_UpSocket3" (
            customData = {
                dictionary blender = {
                    bool unavailable = 1
                    string unsupportedReason = "No corresponding source control for this template slot"
                }
            }
        )
        {
            custom rel rigExec:picker:mirror = </Template/Facial/b_L_UpSocket3>
            uniform float ui:depth = 0.0472
            uniform color4f ui:fill = (0.24, 0.24, 0.24, 0.35)
            uniform float2 ui:position = (534.5406, 139.33876)
            uniform float ui:rotation = 180.05093
            uniform float ui:roundness = 2
            uniform token ui:shape = "trapezoid"
            uniform float2 ui:size = (20, 13)
            uniform float ui:slopeLeft = -3
            uniform float ui:slopeRight = -3
            uniform color4f ui:stroke = (0, 0, 0, 0.5019608)
            uniform color4f ui:valueColor = (0.92156863, 0.92156863, 0.92156863, 1)
        }

        def RigExecPickerButton "b_L_LoSocket5" (
            customData = {
                dictionary blender = {
                    bool unavailable = 1
                    string unsupportedReason = "No corresponding source control for this template slot"
                }
            }
        )
        {
            custom rel rigExec:picker:mirror = </Template/Facial/b_R_LoSocket5>
            uniform float ui:depth = 0.0472
            uniform color4f ui:fill = (0.24, 0.24, 0.24, 0.35)
            uniform float2 ui:position = (712.2069, 207.78003)
            uniform float ui:rotation = 299.8431
            uniform float ui:roundness = 2
            uniform token ui:shape = "trapezoid"
            uniform float2 ui:size = (20, 13)
            uniform float ui:slopeLeft = 3
            uniform float ui:slopeRight = 3
            uniform color4f ui:stroke = (0, 0, 0, 0.5019608)
            uniform color4f ui:valueColor = (0.92156863, 0.92156863, 0.92156863, 1)
        }

        def RigExecPickerButton "b_L_LoSocket4" (
            customData = {
                dictionary blender = {
                    bool unavailable = 1
                    string unsupportedReason = "No corresponding source control for this template slot"
                }
            }
        )
        {
            custom rel rigExec:picker:mirror = </Template/Facial/b_R_LoSocket4>
            uniform float ui:depth = 0.0472
            uniform color4f ui:fill = (0.24, 0.24, 0.24, 0.35)
            uniform float2 ui:position = (695.49713, 224.58153)
            uniform float ui:rotation = 329.8431
            uniform float ui:roundness = 2
            uniform token ui:shape = "trapezoid"
            uniform float2 ui:size = (20, 13)
            uniform float ui:slopeLeft = 3
            uniform float ui:slopeRight = 3
            uniform color4f ui:stroke = (0, 0, 0, 0.5019608)
            uniform color4f ui:valueColor = (0.92156863, 0.92156863, 0.92156863, 1)
        }

        def RigExecPickerButton "b_M_Septum" (
            customData = {
                dictionary blender = {
                    string[] controlNames = ["Nose_Base"]
                }
            }
        )
        {
            uniform float ui:depth = 0.0472
            uniform color4f ui:fill = (0.60784316, 0.7176471, 0.8392157, 1)
            uniform float2 ui:position = (610, 279)
            uniform float ui:roundness = 2
            uniform token ui:shape = "rectangle"
            uniform float2 ui:size = (7, 7)
            uniform color4f ui:stroke = (0, 0, 0, 0.5019608)
            uniform color4f ui:valueColor = (0.92156863, 0.92156863, 0.92156863, 1)
        }

        def RigExecPickerButton "b_L_LoSocket3" (
            customData = {
                dictionary blender = {
                    bool unavailable = 1
                    string unsupportedReason = "No corresponding source control for this template slot"
                }
            }
        )
        {
            custom rel rigExec:picker:mirror = </Template/Facial/b_R_LoSocket3>
            uniform float ui:depth = 0.0472
            uniform color4f ui:fill = (0.24, 0.24, 0.24, 0.35)
            uniform float2 ui:position = (672.62537, 230.77719)
            uniform float ui:rotation = 359.8431
            uniform float ui:roundness = 2
            uniform token ui:shape = "trapezoid"
            uniform float2 ui:size = (20, 13)
            uniform float ui:slopeLeft = 3
            uniform float ui:slopeRight = 3
            uniform color4f ui:stroke = (0, 0, 0, 0.5019608)
            uniform color4f ui:valueColor = (0.92156863, 0.92156863, 0.92156863, 1)
        }

        def RigExecPickerButton "b_L_LoSocket2" (
            customData = {
                dictionary blender = {
                    bool unavailable = 1
                    string unsupportedReason = "No corresponding source control for this template slot"
                }
            }
        )
        {
            custom rel rigExec:picker:mirror = </Template/Facial/b_R_LoSocket2>
            uniform float ui:depth = 0.0472
            uniform color4f ui:fill = (0.24, 0.24, 0.24, 0.35)
            uniform float2 ui:position = (649.72, 224.70688)
            uniform float ui:rotation = 29.84311
            uniform float ui:roundness = 2
            uniform token ui:shape = "trapezoid"
            uniform float2 ui:size = (20, 13)
            uniform float ui:slopeLeft = 3
            uniform float ui:slopeRight = 3
            uniform color4f ui:stroke = (0, 0, 0, 0.5019608)
            uniform color4f ui:valueColor = (0.92156863, 0.92156863, 0.92156863, 1)
        }

        def RigExecPickerButton "b_L_LoSocket1" (
            customData = {
                dictionary blender = {
                    bool unavailable = 1
                    string unsupportedReason = "No corresponding source control for this template slot"
                }
            }
        )
        {
            custom rel rigExec:picker:mirror = </Template/Facial/b_R_LoSocket1>
            uniform float ui:depth = 0.0472
            uniform color4f ui:fill = (0.24, 0.24, 0.24, 0.35)
            uniform float2 ui:position = (632.91846, 207.99715)
            uniform float ui:rotation = 59.84311
            uniform float ui:roundness = 2
            uniform token ui:shape = "trapezoid"
            uniform float2 ui:size = (20, 13)
            uniform float ui:slopeLeft = 3
            uniform float ui:slopeRight = 3
            uniform color4f ui:stroke = (0, 0, 0, 0.5019608)
            uniform color4f ui:valueColor = (0.92156863, 0.92156863, 0.92156863, 1)
        }

        def RigExecPickerButton "b_L_OutSocket" (
            customData = {
                dictionary blender = {
                    bool unavailable = 1
                    string unsupportedReason = "No corresponding source control for this template slot"
                }
            }
        )
        {
            custom rel rigExec:picker:mirror = </Template/Facial/b_R_OutSocket>
            uniform float ui:depth = 0.0472
            uniform color4f ui:fill = (0.24, 0.24, 0.24, 0.35)
            uniform float2 ui:position = (723.27716, 186.37465)
            uniform float ui:rotation = 269.8431
            uniform token ui:shape = "circle"
            uniform float2 ui:size = (10, 10)
            uniform color4f ui:stroke = (0, 0, 0, 0.5019608)
            uniform color4f ui:valueColor = (0.92156863, 0.92156863, 0.92156863, 1)
        }

        def RigExecPickerButton "b_L_UpSocket5" (
            customData = {
                dictionary blender = {
                    bool unavailable = 1
                    string unsupportedReason = "No corresponding source control for this template slot"
                }
            }
        )
        {
            custom rel rigExec:picker:mirror = </Template/Facial/b_R_UpSocket5>
            uniform float ui:depth = 0.0472
            uniform color4f ui:fill = (0.24, 0.24, 0.24, 0.35)
            uniform float2 ui:position = (712.08154, 162.00285)
            uniform float ui:rotation = 239.84311
            uniform float ui:roundness = 2
            uniform token ui:shape = "trapezoid"
            uniform float2 ui:size = (20, 13)
            uniform float ui:slopeLeft = -3
            uniform float ui:slopeRight = -3
            uniform color4f ui:stroke = (0, 0, 0, 0.5019608)
            uniform color4f ui:valueColor = (0.92156863, 0.92156863, 0.92156863, 1)
        }

        def RigExecPickerButton "b_L_UpSocket1" (
            customData = {
                dictionary blender = {
                    bool unavailable = 1
                    string unsupportedReason = "No corresponding source control for this template slot"
                }
            }
        )
        {
            custom rel rigExec:picker:mirror = </Template/Facial/b_R_UpSocket1>
            uniform float ui:depth = 0.0472
            uniform color4f ui:fill = (0.24, 0.24, 0.24, 0.35)
            uniform float2 ui:position = (632.7931, 162.21997)
            uniform float ui:rotation = 119.84311
            uniform float ui:roundness = 2
            uniform token ui:shape = "trapezoid"
            uniform float2 ui:size = (20, 13)
            uniform float ui:slopeLeft = -3
            uniform float ui:slopeRight = -3
            uniform color4f ui:stroke = (0, 0, 0, 0.5019608)
            uniform color4f ui:valueColor = (0.92156863, 0.92156863, 0.92156863, 1)
        }

        def RigExecPickerButton "b_L_InSocket" (
            customData = {
                dictionary blender = {
                    bool unavailable = 1
                    string unsupportedReason = "No corresponding source control for this template slot"
                }
            }
        )
        {
            custom rel rigExec:picker:mirror = </Template/Facial/b_R_InSocket>
            uniform float ui:depth = 0.0472
            uniform color4f ui:fill = (0.24, 0.24, 0.24, 0.35)
            uniform float2 ui:position = (631.72284, 186.62535)
            uniform float ui:rotation = 89.84311
            uniform token ui:shape = "circle"
            uniform float2 ui:size = (10, 10)
            uniform color4f ui:stroke = (0, 0, 0, 0.5019608)
            uniform color4f ui:valueColor = (0.92156863, 0.92156863, 0.92156863, 1)
        }

        def RigExecPickerButton "b_L_UpSocket4" (
            customData = {
                dictionary blender = {
                    bool unavailable = 1
                    string unsupportedReason = "No corresponding source control for this template slot"
                }
            }
        )
        {
            custom rel rigExec:picker:mirror = </Template/Facial/b_R_UpSocket4>
            uniform float ui:depth = 0.0472
            uniform color4f ui:fill = (0.24, 0.24, 0.24, 0.35)
            uniform float2 ui:position = (695.28, 145.29312)
            uniform float ui:rotation = 209.84311
            uniform float ui:roundness = 2
            uniform token ui:shape = "trapezoid"
            uniform float2 ui:size = (20, 13)
            uniform float ui:slopeLeft = -3
            uniform float ui:slopeRight = -3
            uniform color4f ui:stroke = (0, 0, 0, 0.5019608)
            uniform color4f ui:valueColor = (0.92156863, 0.92156863, 0.92156863, 1)
        }

        def RigExecPickerButton "b_L_UpSocket2" (
            customData = {
                dictionary blender = {
                    bool unavailable = 1
                    string unsupportedReason = "No corresponding source control for this template slot"
                }
            }
        )
        {
            custom rel rigExec:picker:mirror = </Template/Facial/b_R_UpSocket2>
            uniform float ui:depth = 0.0472
            uniform color4f ui:fill = (0.24, 0.24, 0.24, 0.35)
            uniform float2 ui:position = (649.50287, 145.41847)
            uniform float ui:rotation = 149.84311
            uniform float ui:roundness = 2
            uniform token ui:shape = "trapezoid"
            uniform float2 ui:size = (20, 13)
            uniform float ui:slopeLeft = -3
            uniform float ui:slopeRight = -3
            uniform color4f ui:stroke = (0, 0, 0, 0.5019608)
            uniform color4f ui:valueColor = (0.92156863, 0.92156863, 0.92156863, 1)
        }

        def RigExecPickerButton "b_L_UpSocket3" (
            customData = {
                dictionary blender = {
                    bool unavailable = 1
                    string unsupportedReason = "No corresponding source control for this template slot"
                }
            }
        )
        {
            custom rel rigExec:picker:mirror = </Template/Facial/b_R_UpSocket3>
            uniform float ui:depth = 0.0472
            uniform color4f ui:fill = (0.24, 0.24, 0.24, 0.35)
            uniform float2 ui:position = (672.37463, 139.22281)
            uniform float ui:rotation = 179.84311
            uniform float ui:roundness = 2
            uniform token ui:shape = "trapezoid"
            uniform float2 ui:size = (20, 13)
            uniform float ui:slopeLeft = -3
            uniform float ui:slopeRight = -3
            uniform color4f ui:stroke = (0, 0, 0, 0.5019608)
            uniform color4f ui:valueColor = (0.92156863, 0.92156863, 0.92156863, 1)
        }

        def RigExecPickerButton "b_L_UpLid3" (
            customData = {
                dictionary blender = {
                    bool unavailable = 1
                    string unsupportedReason = "No corresponding source control for this template slot"
                }
            }
        )
        {
            custom rel rigExec:picker:mirror = </Template/Facial/b_R_UpLid3>
            uniform float ui:depth = 0.0472
            uniform color4f ui:fill = (0.24, 0.24, 0.24, 0.35)
            uniform float2 ui:position = (677.19214, 153.40703)
            uniform float ui:rotation = 182.37128
            uniform float ui:roundness = 2
            uniform token ui:shape = "trapezoid"
            uniform float2 ui:size = (13.273634, 12)
            uniform float ui:slopeLeft = -3
            uniform float ui:slopeRight = -3
            uniform color4f ui:stroke = (0, 0, 0, 0.5019608)
            uniform color4f ui:valueColor = (0.92156863, 0.92156863, 0.92156863, 1)
        }

        def RigExecPickerButton "b_L_UpLid4" (
            customData = {
                dictionary blender = {
                    bool unavailable = 1
                    string unsupportedReason = "No corresponding source control for this template slot"
                }
            }
        )
        {
            custom rel rigExec:picker:mirror = </Template/Facial/b_R_UpLid4>
            uniform float ui:depth = 0.0472
            uniform color4f ui:fill = (0.24, 0.24, 0.24, 0.35)
            uniform float2 ui:position = (693.0606, 158.37115)
            uniform float ui:rotation = 212.37128
            uniform float ui:roundness = 2
            uniform token ui:shape = "trapezoid"
            uniform float2 ui:size = (13.273634, 12)
            uniform float ui:slopeLeft = -3
            uniform float ui:slopeRight = -3
            uniform color4f ui:stroke = (0, 0, 0, 0.5019608)
            uniform color4f ui:valueColor = (0.92156863, 0.92156863, 0.92156863, 1)
        }

        def RigExecPickerButton "b_R_UpLid4" (
            customData = {
                dictionary blender = {
                    bool unavailable = 1
                    string unsupportedReason = "No corresponding source control for this template slot"
                }
            }
        )
        {
            custom rel rigExec:picker:mirror = </Template/Facial/b_L_UpLid4>
            uniform float ui:depth = 0.0472
            uniform color4f ui:fill = (0.24, 0.24, 0.24, 0.35)
            uniform float2 ui:position = (523.1298, 157.56628)
            uniform float ui:rotation = 152.19102
            uniform float ui:roundness = 2
            uniform token ui:shape = "trapezoid"
            uniform float2 ui:size = (13.273634, 12)
            uniform float ui:slopeLeft = -3
            uniform float ui:slopeRight = -3
            uniform color4f ui:stroke = (0, 0, 0, 0.5019608)
            uniform color4f ui:valueColor = (0.92156863, 0.92156863, 0.92156863, 1)
        }

        def RigExecPickerButton "b_R_UpLid3" (
            customData = {
                dictionary blender = {
                    bool unavailable = 1
                    string unsupportedReason = "No corresponding source control for this template slot"
                }
            }
        )
        {
            custom rel rigExec:picker:mirror = </Template/Facial/b_L_UpLid3>
            uniform float ui:depth = 0.0472
            uniform color4f ui:fill = (0.24, 0.24, 0.24, 0.35)
            uniform float2 ui:position = (539.07056, 153.94202)
            uniform float ui:rotation = 182.19102
            uniform float ui:roundness = 2
            uniform token ui:shape = "trapezoid"
            uniform float2 ui:size = (13.273634, 12)
            uniform float ui:slopeLeft = -3
            uniform float ui:slopeRight = -3
            uniform color4f ui:stroke = (0, 0, 0, 0.5019608)
            uniform color4f ui:valueColor = (0.92156863, 0.92156863, 0.92156863, 1)
        }

        def RigExecPickerButton "b_R_UpLid1" (
            customData = {
                dictionary blender = {
                    bool unavailable = 1
                    string unsupportedReason = "No corresponding source control for this template slot"
                }
            }
        )
        {
            custom rel rigExec:picker:mirror = </Template/Facial/b_L_UpLid1>
            uniform float ui:depth = 0.0472
            uniform color4f ui:fill = (0.24, 0.24, 0.24, 0.35)
            uniform float2 ui:position = (565.7969, 170.76663)
            uniform float ui:rotation = 242.19102
            uniform float ui:roundness = 2
            uniform token ui:shape = "trapezoid"
            uniform float2 ui:size = (13.273634, 12)
            uniform float ui:slopeLeft = -3
            uniform float ui:slopeRight = -3
            uniform color4f ui:stroke = (0, 0, 0, 0.5019608)
            uniform color4f ui:valueColor = (0.92156863, 0.92156863, 0.92156863, 1)
        }

        def RigExecPickerButton "b_L_UpLid1" (
            customData = {
                dictionary blender = {
                    bool unavailable = 1
                    string unsupportedReason = "No corresponding source control for this template slot"
                }
            }
        )
        {
            custom rel rigExec:picker:mirror = </Template/Facial/b_R_UpLid1>
            uniform float ui:depth = 0.0472
            uniform color4f ui:fill = (0.24, 0.24, 0.24, 0.35)
            uniform float2 ui:position = (648.7343, 168.30258)
            uniform float ui:rotation = 122.371284
            uniform float ui:roundness = 2
            uniform token ui:shape = "trapezoid"
            uniform float2 ui:size = (13.273634, 12)
            uniform float ui:slopeLeft = -3
            uniform float ui:slopeRight = -3
            uniform color4f ui:stroke = (0, 0, 0, 0.5019608)
            uniform color4f ui:valueColor = (0.92156863, 0.92156863, 0.92156863, 1)
        }

        def RigExecPickerButton "b_R_LoSocket5" (
            customData = {
                dictionary blender = {
                    bool unavailable = 1
                    string unsupportedReason = "No corresponding source control for this template slot"
                }
            }
        )
        {
            custom rel rigExec:picker:mirror = </Template/Facial/b_L_LoSocket5>
            uniform float ui:depth = 0.0472
            uniform color4f ui:fill = (0.24, 0.24, 0.24, 0.35)
            uniform float2 ui:position = (494.9359, 207.79547)
            uniform float ui:rotation = 60.050934
            uniform float ui:roundness = 2
            uniform token ui:shape = "trapezoid"
            uniform float2 ui:size = (20, 13)
            uniform float ui:slopeLeft = 3
            uniform float ui:slopeRight = 3
            uniform color4f ui:stroke = (0, 0, 0, 0.5019608)
            uniform color4f ui:valueColor = (0.92156863, 0.92156863, 0.92156863, 1)
        }

        def RigExecPickerButton "b_R_LoSocket4" (
            customData = {
                dictionary blender = {
                    bool unavailable = 1
                    string unsupportedReason = "No corresponding source control for this template slot"
                }
            }
        )
        {
            custom rel rigExec:picker:mirror = </Template/Facial/b_L_LoSocket4>
            uniform float ui:depth = 0.0472
            uniform color4f ui:fill = (0.24, 0.24, 0.24, 0.35)
            uniform float2 ui:position = (511.63422, 224.5235)
            uniform float ui:rotation = 30.050934
            uniform float ui:roundness = 2
            uniform token ui:shape = "trapezoid"
            uniform float2 ui:size = (20, 13)
            uniform float ui:slopeLeft = 3
            uniform float ui:slopeRight = 3
            uniform color4f ui:stroke = (0, 0, 0, 0.5019608)
            uniform color4f ui:valueColor = (0.92156863, 0.92156863, 0.92156863, 1)
        }

        def RigExecPickerButton "b_R_LoSocket3" (
            customData = {
                dictionary blender = {
                    bool unavailable = 1
                    string unsupportedReason = "No corresponding source control for this template slot"
                }
            }
        )
        {
            custom rel rigExec:picker:mirror = </Template/Facial/b_L_LoSocket3>
            uniform float ui:depth = 0.0472
            uniform color4f ui:fill = (0.24, 0.24, 0.24, 0.35)
            uniform float2 ui:position = (534.4594, 230.66124)
            uniform float ui:rotation = 0.05093358
            uniform float ui:roundness = 2
            uniform token ui:shape = "trapezoid"
            uniform float2 ui:size = (20, 13)
            uniform float ui:slopeLeft = 3
            uniform float ui:slopeRight = 3
            uniform color4f ui:stroke = (0, 0, 0, 0.5019608)
            uniform color4f ui:valueColor = (0.92156863, 0.92156863, 0.92156863, 1)
        }

        def RigExecPickerButton "b_R_LoSocket2" (
            customData = {
                dictionary blender = {
                    bool unavailable = 1
                    string unsupportedReason = "No corresponding source control for this template slot"
                }
            }
        )
        {
            custom rel rigExec:picker:mirror = </Template/Facial/b_L_LoSocket2>
            uniform float ui:depth = 0.0472
            uniform color4f ui:fill = (0.24, 0.24, 0.24, 0.35)
            uniform float2 ui:position = (557.2955, 224.56409)
            uniform float ui:rotation = 330.05093
            uniform float ui:roundness = 2
            uniform token ui:shape = "trapezoid"
            uniform float2 ui:size = (20, 13)
            uniform float ui:slopeLeft = 3
            uniform float ui:slopeRight = 3
            uniform color4f ui:stroke = (0, 0, 0, 0.5019608)
            uniform color4f ui:valueColor = (0.92156863, 0.92156863, 0.92156863, 1)
        }

        def RigExecPickerButton "b_R_LoSocket1" (
            customData = {
                dictionary blender = {
                    bool unavailable = 1
                    string unsupportedReason = "No corresponding source control for this template slot"
                }
            }
        )
        {
            custom rel rigExec:picker:mirror = </Template/Facial/b_L_LoSocket1>
            uniform float ui:depth = 0.0472
            uniform color4f ui:fill = (0.24, 0.24, 0.24, 0.35)
            uniform float2 ui:position = (574.0235, 207.86577)
            uniform float ui:rotation = 300.05093
            uniform float ui:roundness = 2
            uniform token ui:shape = "trapezoid"
            uniform float2 ui:size = (20, 13)
            uniform float ui:slopeLeft = 3
            uniform float ui:slopeRight = 3
            uniform color4f ui:stroke = (0, 0, 0, 0.5019608)
            uniform color4f ui:valueColor = (0.92156863, 0.92156863, 0.92156863, 1)
        }

        def RigExecPickerButton "b_R_OutSocket" (
            customData = {
                dictionary blender = {
                    bool unavailable = 1
                    string unsupportedReason = "No corresponding source control for this template slot"
                }
            }
        )
        {
            custom rel rigExec:picker:mirror = </Template/Facial/b_L_OutSocket>
            uniform float ui:depth = 0.0472
            uniform color4f ui:fill = (0.24, 0.24, 0.24, 0.35)
            uniform float2 ui:position = (493.83875, 186.45941)
            uniform float ui:rotation = 90.050934
            uniform token ui:shape = "circle"
            uniform float2 ui:size = (10, 10)
            uniform color4f ui:stroke = (0, 0, 0, 0.5019608)
            uniform color4f ui:valueColor = (0.92156863, 0.92156863, 0.92156863, 1)
        }

        def RigExecPickerButton "b_R_UpSocket5" (
            customData = {
                dictionary blender = {
                    bool unavailable = 1
                    string unsupportedReason = "No corresponding source control for this template slot"
                }
            }
        )
        {
            custom rel rigExec:picker:mirror = </Template/Facial/b_L_UpSocket5>
            uniform float ui:depth = 0.0472
            uniform color4f ui:fill = (0.24, 0.24, 0.24, 0.35)
            uniform float2 ui:position = (494.9765, 162.13423)
            uniform float ui:rotation = 120.050934
            uniform float ui:roundness = 2
            uniform token ui:shape = "trapezoid"
            uniform float2 ui:size = (20, 13)
            uniform float ui:slopeLeft = -3
            uniform float ui:slopeRight = -3
            uniform color4f ui:stroke = (0, 0, 0, 0.5019608)
            uniform color4f ui:valueColor = (0.92156863, 0.92156863, 0.92156863, 1)
        }

        def RigExecPickerButton "b_R_UpSocket1" (
            customData = {
                dictionary blender = {
                    bool unavailable = 1
                    string unsupportedReason = "No corresponding source control for this template slot"
                }
            }
        )
        {
            custom rel rigExec:picker:mirror = </Template/Facial/b_L_UpSocket1>
            uniform float ui:depth = 0.0472
            uniform color4f ui:fill = (0.24, 0.24, 0.24, 0.35)
            uniform float2 ui:position = (574.0641, 162.20453)
            uniform float ui:rotation = 240.05093
            uniform float ui:roundness = 2
            uniform token ui:shape = "trapezoid"
            uniform float2 ui:size = (20, 13)
            uniform float ui:slopeLeft = -3
            uniform float ui:slopeRight = -3
            uniform color4f ui:stroke = (0, 0, 0, 0.5019608)
            uniform color4f ui:valueColor = (0.92156863, 0.92156863, 0.92156863, 1)
        }

        def RigExecPickerButton "b_R_InSocket" (
            customData = {
                dictionary blender = {
                    bool unavailable = 1
                    string unsupportedReason = "No corresponding source control for this template slot"
                }
            }
        )
        {
            custom rel rigExec:picker:mirror = </Template/Facial/b_L_InSocket>
            uniform float ui:depth = 0.0472
            uniform color4f ui:fill = (0.24, 0.24, 0.24, 0.35)
            uniform float2 ui:position = (585.16125, 186.54059)
            uniform float ui:rotation = 270.05093
            uniform token ui:shape = "circle"
            uniform float2 ui:size = (10, 10)
            uniform color4f ui:stroke = (0, 0, 0, 0.5019608)
            uniform color4f ui:valueColor = (0.92156863, 0.92156863, 0.92156863, 1)
        }

        def RigExecPickerButton "b_R_UpSocket4" (
            customData = {
                dictionary blender = {
                    bool unavailable = 1
                    string unsupportedReason = "No corresponding source control for this template slot"
                }
            }
        )
        {
            custom rel rigExec:picker:mirror = </Template/Facial/b_L_UpSocket4>
            uniform float ui:depth = 0.0472
            uniform color4f ui:fill = (0.24, 0.24, 0.24, 0.35)
            uniform float2 ui:position = (511.70453, 145.43591)
            uniform float ui:rotation = 150.05093
            uniform float ui:roundness = 2
            uniform token ui:shape = "trapezoid"
            uniform float2 ui:size = (20, 13)
            uniform float ui:slopeLeft = -3
            uniform float ui:slopeRight = -3
            uniform color4f ui:stroke = (0, 0, 0, 0.5019608)
            uniform color4f ui:valueColor = (0.92156863, 0.92156863, 0.92156863, 1)
        }

        def RigExecPickerButton "b_R_UpSocket2" (
            customData = {
                dictionary blender = {
                    bool unavailable = 1
                    string unsupportedReason = "No corresponding source control for this template slot"
                }
            }
        )
        {
            custom rel rigExec:picker:mirror = </Template/Facial/b_L_UpSocket2>
            uniform float ui:depth = 0.0472
            uniform color4f ui:fill = (0.24, 0.24, 0.24, 0.35)
            uniform float2 ui:position = (557.3658, 145.4765)
            uniform float ui:rotation = 210.05093
            uniform float ui:roundness = 2
            uniform token ui:shape = "trapezoid"
            uniform float2 ui:size = (20, 13)
            uniform float ui:slopeLeft = -3
            uniform float ui:slopeRight = -3
            uniform color4f ui:stroke = (0, 0, 0, 0.5019608)
            uniform color4f ui:valueColor = (0.92156863, 0.92156863, 0.92156863, 1)
        }

        def RigExecPickerButton "b_M_LookRot" (
            customData = {
                dictionary blender = {
                    bool unavailable = 1
                    string unsupportedReason = "No corresponding source control for this template slot"
                }
            }
        )
        {
            uniform float ui:depth = 0.0473
            uniform color4f ui:fill = (0.24, 0.24, 0.24, 0.35)
            uniform float2 ui:position = (606, 186)
            uniform token ui:shape = "circle"
            uniform float2 ui:size = (15, 15)
            uniform color4f ui:stroke = (0, 0, 0, 0.5019608)
            uniform color4f ui:valueColor = (0.92156863, 0.92156863, 0.92156863, 1)
        }

        def RigExecPickerButton "b_M_Look" (
            customData = {
                dictionary blender = {
                    string[] controlNames = ["MSTR-TGT-Eyes"]
                }
            }
        )
        {
            uniform float ui:depth = 0.0473
            uniform color4f ui:fill = (0.6, 1, 0.4, 1)
            uniform float2 ui:position = (609, 171)
            uniform float ui:roundness = 2
            uniform token ui:shape = "rectangle"
            uniform float2 ui:size = (9, 8)
            uniform color4f ui:stroke = (0, 0, 0, 0.5019608)
            uniform color4f ui:valueColor = (0.92156863, 0.92156863, 0.92156863, 1)
        }

        def RigExecPickerButton "b_L_UpLid5" (
            customData = {
                dictionary blender = {
                    bool unavailable = 1
                    string unsupportedReason = "No corresponding source control for this template slot"
                }
            }
        )
        {
            custom rel rigExec:picker:mirror = </Template/Facial/b_R_UpLid5>
            uniform float ui:depth = 0.0474
            uniform color4f ui:fill = (0.24, 0.24, 0.24, 0.35)
            uniform float2 ui:position = (704.321, 170.60445)
            uniform float ui:rotation = 242.37128
            uniform float ui:roundness = 2
            uniform token ui:shape = "trapezoid"
            uniform float2 ui:size = (13.273634, 12)
            uniform float ui:slopeLeft = -3
            uniform float ui:slopeRight = -3
            uniform color4f ui:stroke = (0, 0, 0, 0.5019608)
            uniform color4f ui:valueColor = (0.92156863, 0.92156863, 0.92156863, 1)
        }

        def RigExecPickerButton "b_L_OutLid" (
            customData = {
                dictionary blender = {
                    bool unavailable = 1
                    string unsupportedReason = "No corresponding source control for this template slot"
                }
            }
        )
        {
            custom rel rigExec:picker:mirror = </Template/Facial/b_R_OutLid>
            uniform float ui:depth = 0.0474
            uniform color4f ui:fill = (0.24, 0.24, 0.24, 0.35)
            uniform float2 ui:position = (710.16846, 186.82898)
            uniform float ui:rotation = 272.37128
            uniform float ui:roundness = 2
            uniform token ui:shape = "trapezoid"
            uniform float2 ui:size = (8.84909, 12)
            uniform float ui:slopeLeft = 3
            uniform float ui:slopeRight = 3
            uniform color4f ui:stroke = (0, 0, 0, 0.5019608)
            uniform color4f ui:valueColor = (0.92156863, 0.92156863, 0.92156863, 1)
        }

        def RigExecPickerButton "b_R_UpLid5" (
            customData = {
                dictionary blender = {
                    bool unavailable = 1
                    string unsupportedReason = "No corresponding source control for this template slot"
                }
            }
        )
        {
            custom rel rigExec:picker:mirror = </Template/Facial/b_L_UpLid5>
            uniform float ui:depth = 0.0474
            uniform color4f ui:fill = (0.24, 0.24, 0.24, 0.35)
            uniform float2 ui:position = (511.13684, 168.67538)
            uniform float ui:rotation = 122.191025
            uniform float ui:roundness = 2
            uniform token ui:shape = "trapezoid"
            uniform float2 ui:size = (13.273634, 12)
            uniform float ui:slopeLeft = -3
            uniform float ui:slopeRight = -3
            uniform color4f ui:stroke = (0, 0, 0, 0.5019608)
            uniform color4f ui:valueColor = (0.92156863, 0.92156863, 0.92156863, 1)
        }

        def RigExecPickerButton "b_R_OutLid" (
            customData = {
                dictionary blender = {
                    bool unavailable = 1
                    string unsupportedReason = "No corresponding source control for this template slot"
                }
            }
        )
        {
            custom rel rigExec:picker:mirror = </Template/Facial/b_L_OutLid>
            uniform float ui:depth = 0.0474
            uniform color4f ui:fill = (0.24, 0.24, 0.24, 0.35)
            uniform float2 ui:position = (508.51746, 184.29262)
            uniform float ui:rotation = 92.191025
            uniform float ui:roundness = 2
            uniform token ui:shape = "trapezoid"
            uniform float2 ui:size = (8.84909, 12)
            uniform float ui:slopeLeft = 3
            uniform float ui:slopeRight = 3
            uniform color4f ui:stroke = (0, 0, 0, 0.5019608)
            uniform color4f ui:valueColor = (0.92156863, 0.92156863, 0.92156863, 1)
        }

        def RigExecPickerButton "b_R_LoLid5" (
            customData = {
                dictionary blender = {
                    bool unavailable = 1
                    string unsupportedReason = "No corresponding source control for this template slot"
                }
            }
        )
        {
            custom rel rigExec:picker:mirror = </Template/Facial/b_L_LoLid5>
            uniform float ui:depth = 0.0475
            uniform color4f ui:fill = (0.24, 0.24, 0.24, 0.35)
            uniform float2 ui:position = (509.92947, 200.23337)
            uniform float ui:rotation = 62.19102
            uniform float ui:roundness = 2
            uniform token ui:shape = "trapezoid"
            uniform float2 ui:size = (13.273634, 12)
            uniform float ui:slopeLeft = 3
            uniform float ui:slopeRight = 3
            uniform color4f ui:stroke = (0, 0, 0, 0.5019608)
            uniform color4f ui:valueColor = (0.92156863, 0.92156863, 0.92156863, 1)
        }

        def RigExecPickerButton "b_L_LoLid5" (
            customData = {
                dictionary blender = {
                    bool unavailable = 1
                    string unsupportedReason = "No corresponding source control for this template slot"
                }
            }
        )
        {
            custom rel rigExec:picker:mirror = </Template/Facial/b_R_LoLid5>
            uniform float ui:depth = 0.0475
            uniform color4f ui:fill = (0.24, 0.24, 0.24, 0.35)
            uniform float2 ui:position = (702.992, 202.69742)
            uniform float ui:rotation = 302.37128
            uniform float ui:roundness = 2
            uniform token ui:shape = "trapezoid"
            uniform float2 ui:size = (13.273634, 12)
            uniform float ui:slopeLeft = 3
            uniform float ui:slopeRight = 3
            uniform color4f ui:stroke = (0, 0, 0, 0.5019608)
            uniform color4f ui:valueColor = (0.92156863, 0.92156863, 0.92156863, 1)
        }

        def RigExecPickerButton "b_L_MaskFlare" (
            customData = {
                dictionary blender = {
                    bool unavailable = 1
                    string unsupportedReason = "No corresponding source control for this template slot"
                }
            }
        )
        {
            custom rel rigExec:picker:mirror = </Template/Facial/b_R_MaskFlare>
            uniform float ui:depth = 0.0475
            uniform color4f ui:fill = (0.24, 0.24, 0.24, 0.35)
            uniform float2 ui:position = (739, 148)
            uniform float ui:rotation = -90
            uniform float ui:roundness = 2
            uniform token ui:shape = "trapezoid"
            uniform float2 ui:size = (12, 24)
            uniform float ui:slopeLeft = 3
            uniform float ui:slopeRight = 3
            uniform color4f ui:stroke = (0, 0, 0, 0.5019608)
            uniform color4f ui:valueColor = (0.92156863, 0.92156863, 0.92156863, 1)
        }

        def RigExecPickerButton "b_R_MaskFlare" (
            customData = {
                dictionary blender = {
                    bool unavailable = 1
                    string unsupportedReason = "No corresponding source control for this template slot"
                }
            }
        )
        {
            custom rel rigExec:picker:mirror = </Template/Facial/b_L_MaskFlare>
            uniform float ui:depth = 0.0475
            uniform color4f ui:fill = (0.24, 0.24, 0.24, 0.35)
            uniform float2 ui:position = (488, 136)
            uniform float ui:rotation = 90
            uniform float ui:roundness = 2
            uniform token ui:shape = "trapezoid"
            uniform float2 ui:size = (12, 24)
            uniform float ui:slopeLeft = 3
            uniform float ui:slopeRight = 3
            uniform color4f ui:stroke = (0, 0, 0, 0.5019608)
            uniform color4f ui:valueColor = (0.92156863, 0.92156863, 0.92156863, 1)
        }

        def RigExecPickerButton "b_R_LoLid3" (
            customData = {
                dictionary blender = {
                    bool unavailable = 1
                    string unsupportedReason = "No corresponding source control for this template slot"
                }
            }
        )
        {
            custom rel rigExec:picker:mirror = </Template/Facial/b_L_LoLid3>
            uniform float ui:depth = 0.0476
            uniform color4f ui:fill = (0.24, 0.24, 0.24, 0.35)
            uniform float2 ui:position = (536.6558, 217.05798)
            uniform float ui:rotation = 2.1910222
            uniform float ui:roundness = 2
            uniform token ui:shape = "trapezoid"
            uniform float2 ui:size = (13.273634, 12)
            uniform float ui:slopeLeft = 3
            uniform float ui:slopeRight = 3
            uniform color4f ui:stroke = (0, 0, 0, 0.5019608)
            uniform color4f ui:valueColor = (0.92156863, 0.92156863, 0.92156863, 1)
        }

        def RigExecPickerButton "b_R_LoLid4" (
            customData = {
                dictionary blender = {
                    bool unavailable = 1
                    string unsupportedReason = "No corresponding source control for this template slot"
                }
            }
        )
        {
            custom rel rigExec:picker:mirror = </Template/Facial/b_L_LoLid4>
            uniform float ui:depth = 0.0476
            uniform color4f ui:fill = (0.24, 0.24, 0.24, 0.35)
            uniform float2 ui:position = (521.0386, 212.22633)
            uniform float ui:rotation = 32.19102
            uniform float ui:roundness = 2
            uniform token ui:shape = "trapezoid"
            uniform float2 ui:size = (13.273634, 12)
            uniform float ui:slopeLeft = 3
            uniform float ui:slopeRight = 3
            uniform color4f ui:stroke = (0, 0, 0, 0.5019608)
            uniform color4f ui:valueColor = (0.92156863, 0.92156863, 0.92156863, 1)
        }

        def RigExecPickerButton "b_L_LoLid3" (
            customData = {
                dictionary blender = {
                    bool unavailable = 1
                    string unsupportedReason = "No corresponding source control for this template slot"
                }
            }
        )
        {
            custom rel rigExec:picker:mirror = </Template/Facial/b_R_LoLid3>
            uniform float ui:depth = 0.0476
            uniform color4f ui:fill = (0.24, 0.24, 0.24, 0.35)
            uniform float2 ui:position = (674.5342, 217.59297)
            uniform float ui:rotation = 2.3712833
            uniform float ui:roundness = 2
            uniform token ui:shape = "trapezoid"
            uniform float2 ui:size = (13.273634, 12)
            uniform float ui:slopeLeft = 3
            uniform float ui:slopeRight = 3
            uniform color4f ui:stroke = (0, 0, 0, 0.5019608)
            uniform color4f ui:valueColor = (0.92156863, 0.92156863, 0.92156863, 1)
        }

        def RigExecPickerButton "b_L_LoLid4" (
            customData = {
                dictionary blender = {
                    bool unavailable = 1
                    string unsupportedReason = "No corresponding source control for this template slot"
                }
            }
        )
        {
            custom rel rigExec:picker:mirror = </Template/Facial/b_R_LoLid4>
            uniform float ui:depth = 0.0476
            uniform color4f ui:fill = (0.24, 0.24, 0.24, 0.35)
            uniform float2 ui:position = (690.7587, 213.95782)
            uniform float ui:rotation = 332.37128
            uniform float ui:roundness = 2
            uniform token ui:shape = "trapezoid"
            uniform float2 ui:size = (13.273634, 12)
            uniform float ui:slopeLeft = 3
            uniform float ui:slopeRight = 3
            uniform color4f ui:stroke = (0, 0, 0, 0.5019608)
            uniform color4f ui:valueColor = (0.92156863, 0.92156863, 0.92156863, 1)
        }

        def RigExecPickerButton "b_R_LoLid2" (
            customData = {
                dictionary blender = {
                    bool unavailable = 1
                    string unsupportedReason = "No corresponding source control for this template slot"
                }
            }
        )
        {
            custom rel rigExec:picker:mirror = </Template/Facial/b_L_LoLid2>
            uniform float ui:depth = 0.0477
            uniform color4f ui:fill = (0.24, 0.24, 0.24, 0.35)
            uniform float2 ui:position = (552.59656, 213.43372)
            uniform float ui:rotation = 332.191
            uniform float ui:roundness = 2
            uniform token ui:shape = "trapezoid"
            uniform float2 ui:size = (13.273634, 12)
            uniform float ui:slopeLeft = 3
            uniform float ui:slopeRight = 3
            uniform color4f ui:stroke = (0, 0, 0, 0.5019608)
            uniform color4f ui:valueColor = (0.92156863, 0.92156863, 0.92156863, 1)
        }

        def RigExecPickerButton "b_L_LoLid1" (
            customData = {
                dictionary blender = {
                    bool unavailable = 1
                    string unsupportedReason = "No corresponding source control for this template slot"
                }
            }
        )
        {
            custom rel rigExec:picker:mirror = </Template/Facial/b_R_LoLid1>
            uniform float ui:depth = 0.0477
            uniform color4f ui:fill = (0.24, 0.24, 0.24, 0.35)
            uniform float2 ui:position = (647.40533, 200.39555)
            uniform float ui:rotation = 62.371284
            uniform float ui:roundness = 2
            uniform token ui:shape = "trapezoid"
            uniform float2 ui:size = (13.273634, 12)
            uniform float ui:slopeLeft = 3
            uniform float ui:slopeRight = 3
            uniform color4f ui:stroke = (0, 0, 0, 0.5019608)
            uniform color4f ui:valueColor = (0.92156863, 0.92156863, 0.92156863, 1)
        }

        def RigExecPickerButton "b_R_LoLid1" (
            customData = {
                dictionary blender = {
                    bool unavailable = 1
                    string unsupportedReason = "No corresponding source control for this template slot"
                }
            }
        )
        {
            custom rel rigExec:picker:mirror = </Template/Facial/b_L_LoLid1>
            uniform float ui:depth = 0.0477
            uniform color4f ui:fill = (0.24, 0.24, 0.24, 0.35)
            uniform float2 ui:position = (564.58954, 202.32462)
            uniform float ui:rotation = 302.191
            uniform float ui:roundness = 2
            uniform token ui:shape = "trapezoid"
            uniform float2 ui:size = (13.273634, 12)
            uniform float ui:slopeLeft = 3
            uniform float ui:slopeRight = 3
            uniform color4f ui:stroke = (0, 0, 0, 0.5019608)
            uniform color4f ui:valueColor = (0.92156863, 0.92156863, 0.92156863, 1)
        }

        def RigExecPickerButton "b_L_LoLid2" (
            customData = {
                dictionary blender = {
                    bool unavailable = 1
                    string unsupportedReason = "No corresponding source control for this template slot"
                }
            }
        )
        {
            custom rel rigExec:picker:mirror = </Template/Facial/b_R_LoLid2>
            uniform float ui:depth = 0.0477
            uniform color4f ui:fill = (0.24, 0.24, 0.24, 0.35)
            uniform float2 ui:position = (658.6658, 212.62885)
            uniform float ui:rotation = 32.371284
            uniform float ui:roundness = 2
            uniform token ui:shape = "trapezoid"
            uniform float2 ui:size = (13.273634, 12)
            uniform float ui:slopeLeft = 3
            uniform float ui:slopeRight = 3
            uniform color4f ui:stroke = (0, 0, 0, 0.5019608)
            uniform color4f ui:valueColor = (0.92156863, 0.92156863, 0.92156863, 1)
        }

        def RigExecPickerButton "b_R_UpLid" (
            customData = {
                dictionary blender = {
                    string[] controlNames = ["ACT-Eyelid_Upper.R"]
                }
            }
        )
        {
            custom rel rigExec:picker:mirror = </Template/Facial/b_L_UpLid>
            uniform float ui:depth = 0.0478
            uniform color4f ui:fill = (0.28235295, 0.5921569, 0.88235295, 1)
            uniform float2[] ui:polygon = [(9, 1), (18, 24.4783), (12.2315, 24.6559), (12.2624, 30.9916), (5.25385, 30.8774), (5.1916, 24.5417), (0, 24.4783)]
            uniform float2 ui:position = (587, 151)
            uniform float ui:roundness = 1
            uniform token ui:shape = "polygon"
            uniform float2 ui:size = (19, 30)
            uniform color4f ui:stroke = (0, 0, 0, 0.5019608)
            uniform color4f ui:valueColor = (0.92156863, 0.92156863, 0.92156863, 1)
        }

        def RigExecPickerButton "b_L_UpLid" (
            customData = {
                dictionary blender = {
                    string[] controlNames = ["ACT-Eyelid_Upper.L"]
                }
            }
        )
        {
            custom rel rigExec:picker:mirror = </Template/Facial/b_R_UpLid>
            uniform float ui:depth = 0.0478
            uniform color4f ui:fill = (0.28235295, 0.5921569, 0.88235295, 1)
            uniform float2[] ui:polygon = [(10, 1), (1, 24.4783), (6.76854, 24.6559), (6.73762, 30.9916), (13.7461, 30.8774), (13.8084, 24.5417), (19, 24.4783)]
            uniform float2 ui:position = (621, 151)
            uniform float ui:roundness = 1
            uniform token ui:shape = "polygon"
            uniform float2 ui:size = (19, 30)
            uniform color4f ui:stroke = (0, 0, 0, 0.5019608)
            uniform color4f ui:valueColor = (0.92156863, 0.92156863, 0.92156863, 1)
        }

        def RigExecPickerButton "b_L_LoLid" (
            customData = {
                dictionary blender = {
                    string[] controlNames = ["ACT-Eyelid_Lower.L"]
                }
            }
        )
        {
            custom rel rigExec:picker:mirror = </Template/Facial/b_R_LoLid>
            uniform float ui:depth = 0.0479
            uniform color4f ui:fill = (0.28235295, 0.5921569, 0.88235295, 1)
            uniform float2[] ui:polygon = [(18.3352, 7.54995), (13.028, 7.25633), (13.1337, 1.01294), (6.05722, 1), (5.9939, 7.51116), (1, 7.84074), (10.0501, 30.654)]
            uniform float2 ui:position = (621, 202)
            uniform float ui:roundness = 1
            uniform token ui:shape = "polygon"
            uniform float2 ui:size = (18, 30)
            uniform color4f ui:stroke = (0, 0, 0, 0.5019608)
            uniform color4f ui:valueColor = (0.92156863, 0.92156863, 0.92156863, 1)
        }

        def RigExecPickerButton "b_R_LoLid" (
            customData = {
                dictionary blender = {
                    string[] controlNames = ["ACT-Eyelid_Lower.R"]
                }
            }
        )
        {
            custom rel rigExec:picker:mirror = </Template/Facial/b_L_LoLid>
            uniform float ui:depth = 0.0479
            uniform color4f ui:fill = (0.28235295, 0.5921569, 0.88235295, 1)
            uniform float2[] ui:polygon = [(-0.3352, 7.54995), (4.97198, 7.25633), (4.86627, 1.01294), (11.9428, 1), (12.0061, 7.51116), (17, 7.84074), (7.9499, 30.654)]
            uniform float2 ui:position = (588, 202)
            uniform float ui:roundness = 1
            uniform token ui:shape = "polygon"
            uniform float2 ui:size = (18, 30)
            uniform color4f ui:stroke = (0, 0, 0, 0.5019608)
            uniform color4f ui:valueColor = (0.92156863, 0.92156863, 0.92156863, 1)
        }

        def RigExecPickerButton "b_M_Mouth" (
            customData = {
                dictionary blender = {
                    string[] controlNames = ["MSTR-Mouth"]
                }
            }
        )
        {
            uniform float ui:depth = 0.0481
            uniform color4f ui:fill = (0.60784316, 0.7176471, 0.8392157, 1)
            uniform float2 ui:position = (579, 335)
            uniform float ui:roundness = 3
            uniform token ui:shape = "rectangle"
            uniform float2 ui:size = (70, 8)
            uniform color4f ui:stroke = (0, 0, 0, 0.5019608)
            uniform color4f ui:valueColor = (0.92156863, 0.92156863, 0.92156863, 1)
        }

        def RigExecPickerButton "b_M_UpLipMid" (
            customData = {
                dictionary blender = {
                    string[] controlNames = ["OuterLip_Upper"]
                }
            }
        )
        {
            uniform float ui:depth = 0.0482
            uniform color4f ui:fill = (0.47843137, 0.77254903, 0.76862746, 1)
            uniform float2 ui:position = (606, 319)
            uniform float ui:roundness = 2
            uniform token ui:shape = "rectangle"
            uniform float2 ui:size = (15, 10)
            uniform color4f ui:stroke = (0, 0, 0, 0.5019608)
            uniform color4f ui:valueColor = (0.92156863, 0.92156863, 0.92156863, 1)
        }

        def RigExecPickerButton "b_M_LoLipMid" (
            customData = {
                dictionary blender = {
                    string[] controlNames = ["OuterLip_Lower"]
                }
            }
        )
        {
            uniform float ui:depth = 0.0483
            uniform color4f ui:fill = (0.47843137, 0.77254903, 0.76862746, 1)
            uniform float2 ui:position = (606, 348)
            uniform float ui:roundness = 2
            uniform token ui:shape = "rectangle"
            uniform float2 ui:size = (15, 10)
            uniform color4f ui:stroke = (0, 0, 0, 0.5019608)
            uniform color4f ui:valueColor = (0.92156863, 0.92156863, 0.92156863, 1)
        }

        def RigExecPickerButton "b_R_UpLip1" (
            customData = {
                dictionary blender = {
                    string[] controlNames = ["OuterLip_Upper1.R"]
                }
            }
        )
        {
            custom rel rigExec:picker:mirror = </Template/Facial/b_L_UpLip1>
            uniform float ui:depth = 0.0484
            uniform color4f ui:fill = (0.30980393, 0.6901961, 0.6745098, 1)
            uniform float2 ui:position = (591, 319)
            uniform float ui:roundness = 2
            uniform token ui:shape = "rectangle"
            uniform float2 ui:size = (15, 10)
            uniform color4f ui:stroke = (0, 0, 0, 0.5019608)
            uniform color4f ui:valueColor = (0.92156863, 0.92156863, 0.92156863, 1)
        }

        def RigExecPickerButton "b_L_UpLip1" (
            customData = {
                dictionary blender = {
                    string[] controlNames = ["OuterLip_Upper1.L"]
                }
            }
        )
        {
            custom rel rigExec:picker:mirror = </Template/Facial/b_R_UpLip1>
            uniform float ui:depth = 0.0484
            uniform color4f ui:fill = (0.30980393, 0.6901961, 0.6745098, 1)
            uniform float2 ui:position = (621, 319)
            uniform float ui:roundness = 2
            uniform token ui:shape = "rectangle"
            uniform float2 ui:size = (15, 10)
            uniform color4f ui:stroke = (0, 0, 0, 0.5019608)
            uniform color4f ui:valueColor = (0.92156863, 0.92156863, 0.92156863, 1)
        }

        def RigExecPickerButton "b_L_LoLip1" (
            customData = {
                dictionary blender = {
                    string[] controlNames = ["OuterLip_Lower1.L"]
                }
            }
        )
        {
            custom rel rigExec:picker:mirror = </Template/Facial/b_R_LoLip1>
            uniform float ui:depth = 0.0485
            uniform color4f ui:fill = (0.30980393, 0.6901961, 0.6745098, 1)
            uniform float2 ui:position = (621, 348)
            uniform float ui:roundness = 2
            uniform token ui:shape = "rectangle"
            uniform float2 ui:size = (15, 10)
            uniform color4f ui:stroke = (0, 0, 0, 0.5019608)
            uniform color4f ui:valueColor = (0.92156863, 0.92156863, 0.92156863, 1)
        }

        def RigExecPickerButton "b_R_LoLip1" (
            customData = {
                dictionary blender = {
                    string[] controlNames = ["OuterLip_Lower1.R"]
                }
            }
        )
        {
            custom rel rigExec:picker:mirror = </Template/Facial/b_L_LoLip1>
            uniform float ui:depth = 0.0485
            uniform color4f ui:fill = (0.30980393, 0.6901961, 0.6745098, 1)
            uniform float2 ui:position = (591, 348)
            uniform float ui:roundness = 2
            uniform token ui:shape = "rectangle"
            uniform float2 ui:size = (15, 10)
            uniform color4f ui:stroke = (0, 0, 0, 0.5019608)
            uniform color4f ui:valueColor = (0.92156863, 0.92156863, 0.92156863, 1)
        }

        def RigExecPickerButton "b_L_UpLip2" (
            customData = {
                dictionary blender = {
                    string[] controlNames = ["OuterLip_Upper2.L"]
                }
            }
        )
        {
            custom rel rigExec:picker:mirror = </Template/Facial/b_R_UpLip2>
            uniform float ui:depth = 0.0486
            uniform color4f ui:fill = (0.47843137, 0.77254903, 0.76862746, 1)
            uniform float2 ui:position = (636, 319)
            uniform float ui:roundness = 2
            uniform token ui:shape = "rectangle"
            uniform float2 ui:size = (15, 10)
            uniform color4f ui:stroke = (0, 0, 0, 0.5019608)
            uniform color4f ui:valueColor = (0.92156863, 0.92156863, 0.92156863, 1)
        }

        def RigExecPickerButton "b_R_UpLip2" (
            customData = {
                dictionary blender = {
                    string[] controlNames = ["OuterLip_Upper2.R"]
                }
            }
        )
        {
            custom rel rigExec:picker:mirror = </Template/Facial/b_L_UpLip2>
            uniform float ui:depth = 0.0486
            uniform color4f ui:fill = (0.47843137, 0.77254903, 0.76862746, 1)
            uniform float2 ui:position = (576, 319)
            uniform float ui:roundness = 2
            uniform token ui:shape = "rectangle"
            uniform float2 ui:size = (15, 10)
            uniform color4f ui:stroke = (0, 0, 0, 0.5019608)
            uniform color4f ui:valueColor = (0.92156863, 0.92156863, 0.92156863, 1)
        }

        def RigExecPickerButton "b_L_LoLip2" (
            customData = {
                dictionary blender = {
                    string[] controlNames = ["OuterLip_Lower2.L"]
                }
            }
        )
        {
            custom rel rigExec:picker:mirror = </Template/Facial/b_R_LoLip2>
            uniform float ui:depth = 0.0487
            uniform color4f ui:fill = (0.47843137, 0.77254903, 0.76862746, 1)
            uniform float2 ui:position = (636, 348)
            uniform float ui:roundness = 2
            uniform token ui:shape = "rectangle"
            uniform float2 ui:size = (15, 10)
            uniform color4f ui:stroke = (0, 0, 0, 0.5019608)
            uniform color4f ui:valueColor = (0.92156863, 0.92156863, 0.92156863, 1)
        }

        def RigExecPickerButton "b_R_LoLip2" (
            customData = {
                dictionary blender = {
                    string[] controlNames = ["OuterLip_Lower2.R"]
                }
            }
        )
        {
            custom rel rigExec:picker:mirror = </Template/Facial/b_L_LoLip2>
            uniform float ui:depth = 0.0487
            uniform color4f ui:fill = (0.47843137, 0.77254903, 0.76862746, 1)
            uniform float2 ui:position = (576, 348)
            uniform float ui:roundness = 2
            uniform token ui:shape = "rectangle"
            uniform float2 ui:size = (15, 10)
            uniform color4f ui:stroke = (0, 0, 0, 0.5019608)
            uniform color4f ui:valueColor = (0.92156863, 0.92156863, 0.92156863, 1)
        }

        def RigExecPickerButton "b_R_UpLip3" (
            customData = {
                dictionary blender = {
                    bool unavailable = 1
                    string unsupportedReason = "No corresponding source control for this template slot"
                }
            }
        )
        {
            custom rel rigExec:picker:mirror = </Template/Facial/b_L_UpLip3>
            uniform float2[] ui:bezier = [(19, 9.31564), (19, 9.31564), (19, 9.31564), (12.4943, 10.9954), (8.77655, 12.4912), (17.5421, 8.96445), (5.86765, 14.9959), (5.86765, 14.9959), (5.86765, 14.9959), (-0.677003, 6.56631), (-0.677003, 6.56631), (-0.677003, 6.56631), (8.0779, 2.86465), (14.5133, 0.968494), (3.49696, 4.21439), (18.875, 1.0024), (18.875, 0.83647), (18.875, 1.16834)]
            uniform float ui:depth = 0.0488
            uniform color4f ui:fill = (0.24, 0.24, 0.24, 0.35)
            uniform float2 ui:position = (557, 319)
            uniform token ui:shape = "bezier"
            uniform float2 ui:size = (20, 14)
            uniform color4f ui:stroke = (0, 0, 0, 0.5019608)
            uniform color4f ui:valueColor = (0.92156863, 0.92156863, 0.92156863, 1)
        }

        def RigExecPickerButton "b_L_UpLip3" (
            customData = {
                dictionary blender = {
                    bool unavailable = 1
                    string unsupportedReason = "No corresponding source control for this template slot"
                }
            }
        )
        {
            custom rel rigExec:picker:mirror = </Template/Facial/b_R_UpLip3>
            uniform float2[] ui:bezier = [(1, 9.31564), (1, 9.31564), (1, 9.31564), (7.50574, 10.9954), (11.2234, 12.4912), (2.4579, 8.96445), (14.1323, 14.9959), (14.1323, 14.9959), (14.1323, 14.9959), (20.677, 6.56631), (20.677, 6.56631), (20.677, 6.56631), (11.9221, 2.86465), (5.48666, 0.968494), (16.503, 4.21439), (1.12499, 1.0024), (1.12499, 0.83647), (1.12499, 1.16834)]
            uniform float ui:depth = 0.0488
            uniform color4f ui:fill = (0.24, 0.24, 0.24, 0.35)
            uniform float2 ui:position = (650, 319)
            uniform token ui:shape = "bezier"
            uniform float2 ui:size = (20, 14)
            uniform color4f ui:stroke = (0, 0, 0, 0.5019608)
            uniform color4f ui:valueColor = (0.92156863, 0.92156863, 0.92156863, 1)
        }

        def RigExecPickerButton "b_R_LoLip3" (
            customData = {
                dictionary blender = {
                    bool unavailable = 1
                    string unsupportedReason = "No corresponding source control for this template slot"
                }
            }
        )
        {
            custom rel rigExec:picker:mirror = </Template/Facial/b_L_LoLip3>
            uniform float2[] ui:bezier = [(19, 6.57649), (19, 6.57649), (19, 6.57649), (18.7785, 15.0527), (18.7785, 15.0527), (18.7785, 15.0527), (8.03357, 14.0252), (3.66494, 12.621), (12.4022, 15.4294), (-0.0948258, 10.1856), (-0.0948258, 10.1856), (-0.0948258, 10.1856), (5.48698, 1.00538), (5.48698, 0.849357), (5.48698, 1.1614), (10.9424, 5.22251), (14.5309, 6.31467), (7.3539, 4.13036)]
            uniform float ui:depth = 0.0489
            uniform color4f ui:fill = (0.24, 0.24, 0.24, 0.35)
            uniform float2 ui:position = (557, 342)
            uniform token ui:shape = "bezier"
            uniform float2 ui:size = (20, 15)
            uniform color4f ui:stroke = (0, 0, 0, 0.5019608)
            uniform color4f ui:valueColor = (0.92156863, 0.92156863, 0.92156863, 1)
        }

        def RigExecPickerButton "b_L_LoLip3" (
            customData = {
                dictionary blender = {
                    bool unavailable = 1
                    string unsupportedReason = "No corresponding source control for this template slot"
                }
            }
        )
        {
            custom rel rigExec:picker:mirror = </Template/Facial/b_R_LoLip3>
            uniform float2[] ui:bezier = [(1, 6.57649), (1, 6.57649), (1, 6.57649), (1.22148, 15.0527), (1.22148, 15.0527), (1.22148, 15.0527), (11.9664, 14.0252), (16.3351, 12.621), (7.59781, 15.4294), (20.0948, 10.1856), (20.0948, 10.1856), (20.0948, 10.1856), (14.513, 1.00538), (14.513, 0.849357), (14.513, 1.1614), (9.05759, 5.22251), (5.46907, 6.31467), (12.6461, 4.13036)]
            uniform float ui:depth = 0.0489
            uniform color4f ui:fill = (0.24, 0.24, 0.24, 0.35)
            uniform float2 ui:position = (650, 342)
            uniform token ui:shape = "bezier"
            uniform float2 ui:size = (20, 15)
            uniform color4f ui:stroke = (0, 0, 0, 0.5019608)
            uniform color4f ui:valueColor = (0.92156863, 0.92156863, 0.92156863, 1)
        }

        def RigExecPickerButton "b_L_OutLip" (
            customData = {
                dictionary blender = {
                    string[] controlNames = ["CTR-LipCorner.L"]
                }
            }
        )
        {
            custom rel rigExec:picker:mirror = </Template/Facial/b_R_OutLip>
            uniform float2[] ui:bezier = [(1, 9.31061), (1, 9.31061), (1, 9.31061), (4.72464, 13.0352), (4.72464, 12.892), (4.72464, 13.1785), (1.71628, 17.9059), (1.71628, 17.9059), (1.71628, 17.9059), (6.87347, 26.0715), (6.87347, 26.0715), (6.87347, 26.0715), (17.5344, 15.1413), (17.6777, 6.25945), (17.3912, 24.0231), (7.15998, 1.0018), (7.15998, 0.858545), (7.15998, 1.14506)]
            uniform float ui:depth = 0.049
            uniform color4f ui:fill = (0.47843137, 0.77254903, 0.76862746, 1)
            uniform float2 ui:position = (664, 325)
            uniform token ui:shape = "bezier"
            uniform float2 ui:size = (17, 26)
            uniform color4f ui:stroke = (0, 0, 0, 0.5019608)
            uniform color4f ui:valueColor = (0.92156863, 0.92156863, 0.92156863, 1)
        }

        def RigExecPickerButton "b_R_OutLip" (
            customData = {
                dictionary blender = {
                    string[] controlNames = ["CTR-LipCorner.R"]
                }
            }
        )
        {
            custom rel rigExec:picker:mirror = </Template/Facial/b_L_OutLip>
            uniform float2[] ui:bezier = [(16, 9.31061), (16, 9.31061), (16, 9.31061), (12.2754, 13.0352), (12.2754, 12.892), (12.2754, 13.1785), (15.2837, 17.9059), (15.2837, 17.9059), (15.2837, 17.9059), (10.1265, 26.0715), (10.1265, 26.0715), (10.1265, 26.0715), (-0.534426, 15.1413), (-0.677681, 6.25945), (-0.391171, 24.0231), (9.84002, 1.0018), (9.84002, 0.858545), (9.84002, 1.14506)]
            uniform float ui:depth = 0.049
            uniform color4f ui:fill = (0.47843137, 0.77254903, 0.76862746, 1)
            uniform float2 ui:position = (546, 325)
            uniform token ui:shape = "bezier"
            uniform float2 ui:size = (17, 26)
            uniform color4f ui:stroke = (0, 0, 0, 0.5019608)
            uniform color4f ui:valueColor = (0.92156863, 0.92156863, 0.92156863, 1)
        }

        def RigExecPickerButton "b_R_LoLip" (
            customData = {
                dictionary blender = {
                    bool unavailable = 1
                    string unsupportedReason = "No corresponding source control for this template slot"
                }
            }
        )
        {
            custom rel rigExec:picker:mirror = </Template/Facial/b_L_LoLip>
            uniform float2[] ui:bezier = [(36, 8.66756), (36, 8.66756), (36, 8.66756), (17.3044, 7.73278), (9.45219, 6.61104), (25.1565, 8.85452), (-0.456498, 1.00235), (-0.456498, 0.815392), (-0.456498, 1.1893), (14.5, 15.0241), (28.1478, 18.2023), (0.852196, 11.8458)]
            uniform float ui:depth = 0.0497
            uniform color4f ui:fill = (0.24, 0.24, 0.24, 0.35)
            uniform float2 ui:position = (550, 356)
            uniform token ui:shape = "bezier"
            uniform float2 ui:size = (37, 15)
            uniform color4f ui:stroke = (0, 0, 0, 0.5019608)
            uniform color4f ui:valueColor = (0.92156863, 0.92156863, 0.92156863, 1)
        }

        def RigExecPickerButton "b_M_LoLipCenter" (
            customData = {
                dictionary blender = {
                    string[] controlNames = ["MSTR-Lip_Lower_Center"]
                }
            }
        )
        {
            custom rel rigExec:picker:mirror = </Template/Facial/b_M_UpLipCenter>
            uniform float ui:depth = 0.0497
            uniform color4f ui:fill = (0.28235295, 0.5921569, 0.88235295, 1)
            uniform float2[] ui:polygon = [(1, 1), (10.7156, 9.32997), (21.0645, 12.3685), (32.0416, 8.40618), (40.2383, 1.02566)]
            uniform float2 ui:position = (593, 364)
            uniform float ui:roundness = 3
            uniform token ui:shape = "polygon"
            uniform float2 ui:size = (40, 12)
            uniform color4f ui:stroke = (0, 0, 0, 0.5019608)
            uniform color4f ui:valueColor = (0.92156863, 0.92156863, 0.92156863, 1)
        }

        def RigExecPickerButton "b_L_LoLip" (
            customData = {
                dictionary blender = {
                    bool unavailable = 1
                    string unsupportedReason = "No corresponding source control for this template slot"
                }
            }
        )
        {
            custom rel rigExec:picker:mirror = </Template/Facial/b_R_LoLip>
            uniform float2[] ui:bezier = [(1, 8.66756), (1, 8.66756), (1, 8.66756), (19.6956, 7.73278), (27.5478, 6.61104), (11.8435, 8.85452), (37.4565, 1.00235), (37.4565, 0.815392), (37.4565, 1.1893), (22.5, 15.0241), (8.85217, 18.2023), (36.1478, 11.8458)]
            uniform float ui:depth = 0.0497
            uniform color4f ui:fill = (0.24, 0.24, 0.24, 0.35)
            uniform float2 ui:position = (640, 356)
            uniform token ui:shape = "bezier"
            uniform float2 ui:size = (37, 15)
            uniform color4f ui:stroke = (0, 0, 0, 0.5019608)
            uniform color4f ui:valueColor = (0.92156863, 0.92156863, 0.92156863, 1)
        }

        def RigExecPickerButton "b_M_LoLip" (
            customData = {
                dictionary blender = {
                    string[] controlNames = ["MSTR-Lip_Lower"]
                }
            }
        )
        {
            custom rel rigExec:picker:mirror = </Template/Facial/b_M_UpLip>
            uniform float ui:depth = 0.0498
            uniform color4f ui:fill = (0.28235295, 0.5921569, 0.88235295, 1)
            uniform float2[] ui:polygon = [(1, 1), (13.1445, 9.32997), (26.0807, 12.3685), (39.802, 8.40618), (50.048, 1.02566)]
            uniform float2 ui:position = (588, 379)
            uniform float ui:roundness = 3
            uniform token ui:shape = "polygon"
            uniform float2 ui:size = (50, 12)
            uniform color4f ui:stroke = (0, 0, 0, 0.5019608)
            uniform color4f ui:valueColor = (0.92156863, 0.92156863, 0.92156863, 1)
        }

        def RigExecPickerButton "b_M_UpLipCenter" (
            customData = {
                dictionary blender = {
                    string[] controlNames = ["MSTR-Lip_Upper_Center"]
                }
            }
        )
        {
            custom rel rigExec:picker:mirror = </Template/Facial/b_M_LoLipCenter>
            uniform float ui:depth = 0.0499
            uniform color4f ui:fill = (0.28235295, 0.5921569, 0.88235295, 1)
            uniform float2[] ui:polygon = [(1, 9.9052), (10.7156, 3.36923), (21.0646, 1), (32.0416, 3.83016), (40.2382, 9.92574)]
            uniform float2 ui:position = (593, 301)
            uniform float ui:roundness = 3
            uniform token ui:shape = "polygon"
            uniform float2 ui:size = (40, 12)
            uniform color4f ui:stroke = (0, 0, 0, 0.5019608)
            uniform color4f ui:valueColor = (0.92156863, 0.92156863, 0.92156863, 1)
        }

        def RigExecPickerButton "b_R_UpLip" (
            customData = {
                dictionary blender = {
                    bool unavailable = 1
                    string unsupportedReason = "No corresponding source control for this template slot"
                }
            }
        )
        {
            custom rel rigExec:picker:mirror = </Template/Facial/b_L_UpLip>
            uniform float2[] ui:bezier = [(39, 5.80299), (39, 5.67147), (39, 5.93452), (21.2441, 7.24977), (12.1688, 8.56503), (30.3193, 5.93452), (-0.326107, 14.2206), (-0.326107, 14.2206), (-0.326107, 14.2206), (17.6929, 1.33113), (30.9769, -0.51023), (4.40881, 3.17248)]
            uniform float ui:depth = 0.0499
            uniform color4f ui:fill = (0.24, 0.24, 0.24, 0.35)
            uniform float2 ui:position = (549, 305)
            uniform token ui:shape = "bezier"
            uniform float2 ui:size = (40, 14)
            uniform color4f ui:stroke = (0, 0, 0, 0.5019608)
            uniform color4f ui:valueColor = (0.92156863, 0.92156863, 0.92156863, 1)
        }

        def RigExecPickerButton "b_L_UpLip" (
            customData = {
                dictionary blender = {
                    bool unavailable = 1
                    string unsupportedReason = "No corresponding source control for this template slot"
                }
            }
        )
        {
            custom rel rigExec:picker:mirror = </Template/Facial/b_R_UpLip>
            uniform float2[] ui:bezier = [(1, 5.80299), (1, 5.67147), (1, 5.93452), (18.7559, 7.24977), (27.8312, 8.56503), (9.68068, 5.93452), (40.3261, 14.2206), (40.3261, 14.2206), (40.3261, 14.2206), (22.3071, 1.33113), (9.02305, -0.51023), (35.5912, 3.17248)]
            uniform float ui:depth = 0.0499
            uniform color4f ui:fill = (0.24, 0.24, 0.24, 0.35)
            uniform float2 ui:position = (639, 305)
            uniform token ui:shape = "bezier"
            uniform float2 ui:size = (40, 14)
            uniform color4f ui:stroke = (0, 0, 0, 0.5019608)
            uniform color4f ui:valueColor = (0.92156863, 0.92156863, 0.92156863, 1)
        }

        def RigExecPickerButton "b_M_UpLip" (
            customData = {
                dictionary blender = {
                    string[] controlNames = ["MSTR-Lip_Upper"]
                }
            }
        )
        {
            custom rel rigExec:picker:mirror = </Template/Facial/b_M_LoLip>
            uniform float ui:depth = 0.05
            uniform color4f ui:fill = (0.28235295, 0.5921569, 0.88235295, 1)
            uniform float2[] ui:polygon = [(1, 9.9052), (13.1445, 3.36923), (26.0807, 1), (39.802, 3.83016), (50.0477, 9.92574)]
            uniform float2 ui:position = (588, 288)
            uniform float ui:roundness = 3
            uniform token ui:shape = "polygon"
            uniform float2 ui:size = (50, 12)
            uniform color4f ui:stroke = (0, 0, 0, 0.5019608)
            uniform color4f ui:valueColor = (0.92156863, 0.92156863, 0.92156863, 1)
        }

        def RigExecPickerButton "b_L_Brow_x20" (
            customData = {
                dictionary blender = {
                    string[] controlNames = ["MSTR-Eyebrow.L", "MSTR-Eyebrow.R", "Eyebrow3.L", "Eyebrow3.R", "Eyebrow1.L", "Eyebrow1.R"]
                }
            }
        )
        {
            uniform float ui:depth = 0.0502
            uniform color4f ui:fill = (0.4, 0.4, 0.4, 1)
            uniform float ui:fontSize = 10
            uniform float2 ui:position = (743, 475)
            uniform float ui:roundness = 3
            uniform token ui:shape = "rectangle"
            uniform float2 ui:size = (60, 18)
            uniform color4f ui:stroke = (0.12156863, 0.12156863, 0.12156863, 1)
            uniform string ui:text = "BROWS"
            uniform color4f ui:textColor = (0.8980392, 0.8980392, 0.8980392, 1)
            uniform color4f ui:valueColor = (0.92156863, 0.92156863, 0.92156863, 1)
        }

        def RigExecPickerButton "b_M_Head" (
            customData = {
                dictionary blender = {
                    string[] controlNames = ["FK-Head"]
                }
            }
        )
        {
            uniform float ui:depth = 0.0502
            uniform color4f ui:fill = (0.4, 0.4, 0.4, 1)
            uniform float ui:fontSize = 10
            uniform float2 ui:position = (743, 455)
            uniform float ui:roundness = 3
            uniform token ui:shape = "rectangle"
            uniform float2 ui:size = (60, 18)
            uniform color4f ui:stroke = (0.12156863, 0.12156863, 0.12156863, 1)
            uniform string ui:text = "HEAD"
            uniform color4f ui:textColor = (0.8980392, 0.8980392, 0.8980392, 1)
            uniform color4f ui:valueColor = (0.92156863, 0.92156863, 0.92156863, 1)
        }

        def RigExecPickerButton "b_L_UpLid_x60" (
            customData = {
                dictionary blender = {
                    string[] controlNames = ["ACT-Eyelid_Upper.L", "ACT-Eyelid_Upper.R", "ACT-Eyelid_Lower.L", "ACT-Eyelid_Lower.R"]
                }
            }
        )
        {
            uniform float ui:depth = 0.0503
            uniform color4f ui:fill = (0.4, 0.4, 0.4, 1)
            uniform float ui:fontSize = 10
            uniform float2 ui:position = (743, 517)
            uniform float ui:roundness = 3
            uniform token ui:shape = "rectangle"
            uniform float2 ui:size = (60, 18)
            uniform color4f ui:stroke = (0.12156863, 0.12156863, 0.12156863, 1)
            uniform string ui:text = "LIDS"
            uniform color4f ui:textColor = (0.8980392, 0.8980392, 0.8980392, 1)
            uniform color4f ui:valueColor = (0.92156863, 0.92156863, 0.92156863, 1)
        }

        def RigExecPickerButton "b_M_Look_x4" (
            customData = {
                dictionary blender = {
                    string[] controlNames = ["MSTR-TGT-Eyes", "CTR-Eye.R", "CTR-Eye.L"]
                }
            }
        )
        {
            uniform float ui:depth = 0.0504
            uniform color4f ui:fill = (0.4, 0.4, 0.4, 1)
            uniform float ui:fontSize = 10
            uniform float2 ui:position = (743, 496)
            uniform float ui:roundness = 3
            uniform token ui:shape = "rectangle"
            uniform float2 ui:size = (60, 18)
            uniform color4f ui:stroke = (0.12156863, 0.12156863, 0.12156863, 1)
            uniform string ui:text = "LOOK"
            uniform color4f ui:textColor = (0.8980392, 0.8980392, 0.8980392, 1)
            uniform color4f ui:valueColor = (0.92156863, 0.92156863, 0.92156863, 1)
        }

        def RigExecPickerButton "b_M_UpGumline_x46" (
            customData = {
                dictionary blender = {
                    string[] controlNames = ["OuterLip_Lower", "OuterLip_Upper", "OuterLip_Upper1.L", "OuterLip_Lower1.L", "OuterLip_Upper2.L", "OuterLip_Lower2.L", "CTR-LipCorner.L", "ACT-MouthCorner.L", "OuterLip_Upper1.R", "OuterLip_Lower1.R", "OuterLip_Upper2.R", "OuterLip_Lower2.R", "CTR-LipCorner.R", "ACT-MouthCorner.R", "MSTR-Lip_Lower", "MSTR-Mouth", "MSTR-Lip_Upper", "Teeth_Top_Root", "Teeth_Bottom_Root", "Jaw", "CTR-Cheek_Mid.R", "CTR-CheekPuff.R", "CTR-Cheek_Mid.L", "CTR-CheekPuff.L", "Chin_Main"]
                }
            }
        )
        {
            uniform float ui:depth = 0.0505
            uniform color4f ui:fill = (0.4, 0.4, 0.4, 1)
            uniform float ui:fontSize = 10
            uniform float2 ui:position = (743, 538)
            uniform float ui:roundness = 3
            uniform token ui:shape = "rectangle"
            uniform float2 ui:size = (60, 18)
            uniform color4f ui:stroke = (0.12156863, 0.12156863, 0.12156863, 1)
            uniform string ui:text = "MOUTH"
            uniform color4f ui:textColor = (0.8980392, 0.8980392, 0.8980392, 1)
            uniform color4f ui:valueColor = (0.92156863, 0.92156863, 0.92156863, 1)
        }

        def RigExecPickerButton "b_R_Mouth_x63" (
            customData = {
                dictionary blender = {
                    string[] controlNames = ["ACT-MouthCorner.R", "ACT-MouthCorner.L", "MSTR-Lip_Upper", "CTR-LipCorner.R", "CTR-LipCorner.L", "OuterLip_Lower2.L", "OuterLip_Lower2.R", "OuterLip_Upper2.L", "OuterLip_Upper2.R", "OuterLip_Lower1.R", "OuterLip_Lower1.L", "OuterLip_Upper1.L", "OuterLip_Upper1.R", "OuterLip_Lower", "OuterLip_Upper", "MSTR-Mouth", "Nose_Base", "CTR-CheekPuff.R", "CTR-CheekPuff.L", "CTR-Cheek_Mid.R", "CTR-Cheek_Mid.L", "Nose_Tip", "NoseBridge1", "MSTR-Lip_Lower", "Chin_Main", "Jaw", "Teeth_Bottom_Root", "Teeth_Top_Root"]
                }
            }
        )
        {
            uniform float ui:depth = 0.0505
            uniform color4f ui:fill = (0.6, 0.6, 0.6, 1)
            uniform float ui:fontSize = 10
            uniform float2 ui:position = (743, 576)
            uniform float ui:roundness = 3
            uniform token ui:shape = "rectangle"
            uniform float2 ui:size = (60, 18)
            uniform color4f ui:stroke = (0.12156863, 0.12156863, 0.12156863, 1)
            uniform string ui:text = "LOWFACE"
            uniform color4f ui:textColor = (0.8980392, 0.8980392, 0.8980392, 1)
            uniform color4f ui:valueColor = (0.92156863, 0.92156863, 0.92156863, 1)
        }

        def RigExecPickerButton "b_R_Eye_x96" (
            customData = {
                dictionary blender = {
                    string[] controlNames = ["CTR-Eye.R", "CTR-Eye.L", "ACT-Eyelid_Lower.R", "ACT-Eyelid_Lower.L", "ACT-Eyelid_Upper.R", "ACT-Eyelid_Upper.L", "MSTR-TGT-Eyes", "Eyebrow3.R", "Eyebrow3.L", "Eyebrow1.L", "Eyebrow1.R", "MSTR-Eyebrow.L", "MSTR-Eyebrow.R", "CTR-Ear.L", "CTR-Ear.R"]
                }
            }
        )
        {
            uniform float ui:depth = 0.0505
            uniform color4f ui:fill = (0.6, 0.6, 0.6, 1)
            uniform float ui:fontSize = 10
            uniform float2 ui:position = (743, 557)
            uniform float ui:roundness = 3
            uniform token ui:shape = "rectangle"
            uniform float2 ui:size = (60, 18)
            uniform color4f ui:stroke = (0.12156863, 0.12156863, 0.12156863, 1)
            uniform string ui:text = "UPFACE"
            uniform color4f ui:textColor = (0.8980392, 0.8980392, 0.8980392, 1)
            uniform color4f ui:valueColor = (0.92156863, 0.92156863, 0.92156863, 1)
        }

        def RigExecPickerButton "b_L_BrowTense" (
            customData = {
                dictionary blender = {
                    bool unavailable = 1
                    string unsupportedReason = "No corresponding source control for this template slot"
                }
            }
        )
        {
            custom rel rigExec:picker:mirror = </Template/Facial/b_R_BrowTense>
            uniform float ui:depth = 0.0531
            uniform color4f ui:fill = (0.24, 0.24, 0.24, 0.35)
            uniform float2[] ui:polygon = [(-0.374932, 4.064), (4.81466, 7.52341), (8.97427, 1), (16.353, 5.82023), (11.5734, 11.4891), (17, 14.7702), (0.780098, 19.3503)]
            uniform float2 ui:position = (644, 100)
            uniform float ui:roundness = 1
            uniform token ui:shape = "polygon"
            uniform float2 ui:size = (18, 19)
            uniform color4f ui:stroke = (0, 0, 0, 0.5019608)
            uniform color4f ui:valueColor = (0.92156863, 0.92156863, 0.92156863, 1)
        }

        def RigExecPickerButton "b_R_BrowTense" (
            customData = {
                dictionary blender = {
                    bool unavailable = 1
                    string unsupportedReason = "No corresponding source control for this template slot"
                }
            }
        )
        {
            custom rel rigExec:picker:mirror = </Template/Facial/b_L_BrowTense>
            uniform float ui:depth = 0.0531
            uniform color4f ui:fill = (0.24, 0.24, 0.24, 0.35)
            uniform float2[] ui:polygon = [(18.3749, 4.064), (13.1853, 7.52341), (9.02573, 1), (1.64698, 5.82023), (6.42662, 11.4891), (1, 14.7702), (17.2199, 19.3503)]
            uniform float2 ui:position = (563, 100)
            uniform float ui:roundness = 1
            uniform token ui:shape = "polygon"
            uniform float2 ui:size = (18, 19)
            uniform color4f ui:stroke = (0, 0, 0, 0.5019608)
            uniform color4f ui:valueColor = (0.92156863, 0.92156863, 0.92156863, 1)
        }

        def RigExecPickerButton "b_L_Eye_2" (
            customData = {
                dictionary blender = {
                    string[] controlNames = ["CTR-Eye.L"]
                }
            }
        )
        {
            custom rel rigExec:picker:mirror = </Template/Facial/b_R_Eye_2>
            uniform float ui:depth = 0.0532
            uniform color4f ui:fill = (0, 0, 0, 1)
            uniform float2 ui:position = (675, 184)
            uniform token ui:shape = "circle"
            uniform float2 ui:size = (15, 15)
            uniform color4f ui:stroke = (0, 0, 0, 0.5019608)
            uniform color4f ui:valueColor = (0.92156863, 0.92156863, 0.92156863, 1)
        }

        def RigExecPickerButton "b_R_Eye_2" (
            customData = {
                dictionary blender = {
                    string[] controlNames = ["CTR-Eye.R"]
                }
            }
        )
        {
            custom rel rigExec:picker:mirror = </Template/Facial/b_L_Eye_2>
            uniform float ui:depth = 0.0533
            uniform color4f ui:fill = (0, 0, 0, 1)
            uniform float2 ui:position = (537, 184)
            uniform token ui:shape = "circle"
            uniform float2 ui:size = (15, 15)
            uniform color4f ui:stroke = (0, 0, 0, 0.5019608)
            uniform color4f ui:valueColor = (0.92156863, 0.92156863, 0.92156863, 1)
        }

        def RigExecPickerButton "b_L_Mouth" (
            customData = {
                dictionary blender = {
                    string[] controlNames = ["ACT-MouthCorner.L"]
                }
            }
        )
        {
            custom rel rigExec:picker:mirror = </Template/Facial/b_R_Mouth>
            uniform float ui:depth = 0.0534
            uniform color4f ui:fill = (0.28235295, 0.5921569, 0.88235295, 1)
            uniform float2 ui:position = (673, 322)
            uniform token ui:shape = "circle"
            uniform float2 ui:size = (30, 30)
            uniform color4f ui:stroke = (0, 0, 0, 0.5019608)
            uniform color4f ui:valueColor = (0.92156863, 0.92156863, 0.92156863, 1)
        }

        def RigExecPickerButton "b_R_Mouth" (
            customData = {
                dictionary blender = {
                    string[] controlNames = ["ACT-MouthCorner.R"]
                }
            }
        )
        {
            custom rel rigExec:picker:mirror = </Template/Facial/b_L_Mouth>
            uniform float ui:depth = 0.0535
            uniform color4f ui:fill = (0.28235295, 0.5921569, 0.88235295, 1)
            uniform float2 ui:position = (524, 322)
            uniform token ui:shape = "circle"
            uniform float2 ui:size = (30, 30)
            uniform color4f ui:stroke = (0, 0, 0, 0.5019608)
            uniform color4f ui:valueColor = (0.92156863, 0.92156863, 0.92156863, 1)
        }

        def RigExecPickerButton "d_selectButton417576"
        {
            uniform float ui:depth = 0.0536
            uniform color4f ui:fill = (0, 0, 0, 1)
            uniform float2 ui:position = (630, 518)
            uniform token ui:shape = "ellipse"
            uniform float2 ui:size = (5, 5)
            uniform color4f ui:stroke = (0.12156863, 0.12156863, 0.12156863, 0.5686275)
            uniform color4f ui:valueColor = (0.92156863, 0.92156863, 0.92156863, 1)
        }

        def RigExecPickerButton "b_L_Eye_3" (
            customData = {
                dictionary blender = {
                    string[] controlNames = ["CTR-Eye.L"]
                }
            }
        )
        {
            uniform float ui:depth = 0.0536
            uniform color4f ui:fill = (0.8980392, 0.8980392, 0.8980392, 1)
            uniform float2 ui:position = (627, 513)
            uniform token ui:shape = "ellipse"
            uniform float2 ui:size = (14, 15)
            uniform color4f ui:stroke = (0.12156863, 0.12156863, 0.12156863, 0.5686275)
            uniform color4f ui:valueColor = (0.92156863, 0.92156863, 0.92156863, 1)
        }

        def RigExecPickerButton "d_selectButton417578"
        {
            uniform bool ui:alternate = 1
            uniform float ui:depth = 0.0536
            uniform color4f ui:fill = (0, 0, 0, 1)
            uniform float2 ui:position = (630, 518)
            uniform token ui:shape = "ellipse"
            uniform float2 ui:size = (5, 5)
            uniform color4f ui:stroke = (0.12156863, 0.12156863, 0.12156863, 0.5686275)
            uniform color4f ui:valueColor = (0.92156863, 0.92156863, 0.92156863, 1)
        }

        def RigExecPickerButton "b_R_Eye_3" (
            customData = {
                dictionary blender = {
                    string[] controlNames = ["CTR-Eye.R"]
                }
            }
        )
        {
            uniform float ui:depth = 0.0536
            uniform color4f ui:fill = (0.8980392, 0.8980392, 0.8980392, 1)
            uniform float2 ui:position = (608, 513)
            uniform token ui:shape = "ellipse"
            uniform float2 ui:size = (14, 15)
            uniform color4f ui:stroke = (0.12156863, 0.12156863, 0.12156863, 0.5686275)
            uniform color4f ui:valueColor = (0.92156863, 0.92156863, 0.92156863, 1)
        }

        def RigExecPickerButton "b_R_LoLid5_x12" (
            customData = {
                dictionary blender = {
                    bool unavailable = 1
                    string unsupportedReason = "No corresponding source control for this template slot"
                }
            }
        )
        {
            custom rel rigExec:picker:mirror = </Template/Facial/b_L_LoLid5_x12>
            uniform float ui:depth = 0.054
            uniform color4f ui:fill = (0.24, 0.24, 0.24, 0.35)
            uniform float2[] ui:polygon = [(7.44953, 1), (7.44953, 4.43508), (11, 4.43508), (11, 8.66902), (7.50871, 8.66902), (7.50871, 12.6366), (2.83393, 12.5834), (2.82813, 8.77552), (-0.8645, 8.66902), (-0.8645, 4.46171), (2.57173, 4.35519), (2.47887, 1.02663)]
            uniform float2 ui:position = (472, 204)
            uniform token ui:shape = "polygon"
            uniform float2 ui:size = (12, 12)
            uniform color4f ui:stroke = (0.12156863, 0.12156863, 0.12156863, 1)
            uniform float ui:strokeWidth = 0
            uniform color4f ui:valueColor = (0.92156863, 0.92156863, 0.92156863, 1)
        }

        def RigExecPickerButton "b_R_Eye_x30" (
            customData = {
                dictionary blender = {
                    string[] controlNames = ["CTR-Eye.R", "ACT-Eyelid_Upper.R", "ACT-Eyelid_Lower.R"]
                }
            }
        )
        {
            custom rel rigExec:picker:mirror = </Template/Facial/b_L_Eye_x30>
            uniform float ui:depth = 0.054
            uniform color4f ui:fill = (0.8980392, 0.8980392, 0.8980392, 1)
            uniform float2[] ui:polygon = [(7.44953, 1), (7.44953, 4.43508), (11, 4.43508), (11, 8.66902), (7.50871, 8.66902), (7.50871, 12.6366), (2.83393, 12.5834), (2.82813, 8.77552), (-0.8645, 8.66902), (-0.8645, 4.46171), (2.57173, 4.35519), (2.47887, 1.02663)]
            uniform float2 ui:position = (472, 160)
            uniform token ui:shape = "polygon"
            uniform float2 ui:size = (12, 12)
            uniform color4f ui:stroke = (0.12156863, 0.12156863, 0.12156863, 1)
            uniform float ui:strokeWidth = 0
            uniform color4f ui:valueColor = (0.92156863, 0.92156863, 0.92156863, 1)
        }

        def RigExecPickerButton "b_L_Eye_x30" (
            customData = {
                dictionary blender = {
                    string[] controlNames = ["CTR-Eye.L", "ACT-Eyelid_Upper.L", "ACT-Eyelid_Lower.L"]
                }
            }
        )
        {
            custom rel rigExec:picker:mirror = </Template/Facial/b_R_Eye_x30>
            uniform float ui:depth = 0.054
            uniform color4f ui:fill = (0.8980392, 0.8980392, 0.8980392, 1)
            uniform float2[] ui:polygon = [(4.55047, 1), (4.55047, 4.43508), (1, 4.43508), (1, 8.66902), (4.49129, 8.66902), (4.49129, 12.6366), (9.16607, 12.5834), (9.17187, 8.77552), (12.8645, 8.66902), (12.8645, 4.46171), (9.42827, 4.35519), (9.52113, 1.02663)]
            uniform float2 ui:position = (743, 160)
            uniform token ui:shape = "polygon"
            uniform float2 ui:size = (12, 12)
            uniform color4f ui:stroke = (0.12156863, 0.12156863, 0.12156863, 1)
            uniform float ui:strokeWidth = 0
            uniform color4f ui:valueColor = (0.92156863, 0.92156863, 0.92156863, 1)
        }

        def RigExecPickerButton "b_L_LoLid5_x12" (
            customData = {
                dictionary blender = {
                    bool unavailable = 1
                    string unsupportedReason = "No corresponding source control for this template slot"
                }
            }
        )
        {
            custom rel rigExec:picker:mirror = </Template/Facial/b_R_LoLid5_x12>
            uniform float ui:depth = 0.054
            uniform color4f ui:fill = (0.24, 0.24, 0.24, 0.35)
            uniform float2[] ui:polygon = [(4.55047, 1), (4.55047, 4.43508), (1, 4.43508), (1, 8.66902), (4.49129, 8.66902), (4.49129, 12.6366), (9.16607, 12.5834), (9.17187, 8.77552), (12.8645, 8.66902), (12.8645, 4.46171), (9.42827, 4.35519), (9.52113, 1.02663)]
            uniform float2 ui:position = (743, 204)
            uniform token ui:shape = "polygon"
            uniform float2 ui:size = (12, 12)
            uniform color4f ui:stroke = (0.12156863, 0.12156863, 0.12156863, 1)
            uniform float ui:strokeWidth = 0
            uniform color4f ui:valueColor = (0.92156863, 0.92156863, 0.92156863, 1)
        }

        def RigExecPickerButton "b_L_LoSocket5_x12" (
            customData = {
                dictionary blender = {
                    bool unavailable = 1
                    string unsupportedReason = "No corresponding source control for this template slot"
                }
            }
        )
        {
            custom rel rigExec:picker:mirror = </Template/Facial/b_R_LoSocket5_x12>
            uniform float ui:depth = 0.0541
            uniform color4f ui:fill = (0.24, 0.24, 0.24, 0.35)
            uniform float2[] ui:polygon = [(4.55047, 1), (4.55047, 4.43508), (1, 4.43508), (1, 8.66902), (4.49129, 8.66902), (4.49129, 12.6366), (9.16607, 12.5834), (9.17187, 8.77552), (12.8645, 8.66902), (12.8645, 4.46171), (9.42827, 4.35519), (9.52113, 1.02663)]
            uniform float2 ui:position = (743, 182)
            uniform token ui:shape = "polygon"
            uniform float2 ui:size = (12, 12)
            uniform color4f ui:stroke = (0.12156863, 0.12156863, 0.12156863, 1)
            uniform float ui:strokeWidth = 0
            uniform color4f ui:valueColor = (0.92156863, 0.92156863, 0.92156863, 1)
        }

        def RigExecPickerButton "b_R_LoSocket5_x12" (
            customData = {
                dictionary blender = {
                    bool unavailable = 1
                    string unsupportedReason = "No corresponding source control for this template slot"
                }
            }
        )
        {
            custom rel rigExec:picker:mirror = </Template/Facial/b_L_LoSocket5_x12>
            uniform float ui:depth = 0.0541
            uniform color4f ui:fill = (0.24, 0.24, 0.24, 0.35)
            uniform float2[] ui:polygon = [(7.44953, 1), (7.44953, 4.43508), (11, 4.43508), (11, 8.66902), (7.50871, 8.66902), (7.50871, 12.6366), (2.83393, 12.5834), (2.82813, 8.77552), (-0.8645, 8.66902), (-0.8645, 4.46171), (2.57173, 4.35519), (2.47887, 1.02663)]
            uniform float2 ui:position = (472, 182)
            uniform token ui:shape = "polygon"
            uniform float2 ui:size = (12, 12)
            uniform color4f ui:stroke = (0.12156863, 0.12156863, 0.12156863, 1)
            uniform float ui:strokeWidth = 0
            uniform color4f ui:valueColor = (0.92156863, 0.92156863, 0.92156863, 1)
        }

        def RigExecPickerButton "d_selectButton417569"
        {
            uniform float ui:depth = 0.0541
            uniform color4f ui:fill = (0, 0, 0, 1)
            uniform float2 ui:position = (614, 518)
            uniform token ui:shape = "ellipse"
            uniform float2 ui:size = (5, 5)
            uniform color4f ui:stroke = (0.12156863, 0.12156863, 0.12156863, 0.5686275)
            uniform color4f ui:valueColor = (0.92156863, 0.92156863, 0.92156863, 1)
        }

        def RigExecPickerButton "b_L_LoLip_x8" (
            customData = {
                dictionary blender = {
                    string[] controlNames = ["MSTR-Lip_Lower", "ACT-MouthCorner.L", "MSTR-Lip_Upper", "ACT-MouthCorner.R"]
                }
            }
        )
        {
            uniform float ui:depth = 0.0541
            uniform color4f ui:fill = (0.28235295, 0.5921569, 0.88235295, 1)
            uniform float2[] ui:polygon = [(4.55047, 1), (4.55047, 4.43508), (1, 4.43508), (1, 8.66902), (4.49129, 8.66902), (4.49129, 12.6366), (9.16607, 12.5834), (9.17187, 8.77552), (12.8645, 8.66902), (12.8645, 4.46171), (9.42827, 4.35519), (9.52113, 1.02663)]
            uniform float2 ui:position = (544, 378)
            uniform token ui:shape = "polygon"
            uniform float2 ui:size = (12, 12)
            uniform color4f ui:stroke = (0.12156863, 0.12156863, 0.12156863, 1)
            uniform color4f ui:valueColor = (0.92156863, 0.92156863, 0.92156863, 1)
        }

        def RigExecPickerButton "b_R_OutLip_x16" (
            customData = {
                dictionary blender = {
                    string[] controlNames = ["CTR-LipCorner.R", "CTR-LipCorner.L", "OuterLip_Lower2.L", "OuterLip_Lower2.R", "OuterLip_Upper2.L", "OuterLip_Upper2.R", "OuterLip_Lower1.R", "OuterLip_Lower1.L", "OuterLip_Upper1.L", "OuterLip_Upper1.R", "OuterLip_Lower", "OuterLip_Upper"]
                }
            }
        )
        {
            uniform float ui:depth = 0.0542
            uniform color4f ui:fill = (0.47843137, 0.77254903, 0.76862746, 1)
            uniform float2[] ui:polygon = [(4.55047, 1), (4.55047, 4.43508), (1, 4.43508), (1, 8.66902), (4.49129, 8.66902), (4.49129, 12.6366), (9.16607, 12.5834), (9.17187, 8.77552), (12.8645, 8.66902), (12.8645, 4.46171), (9.42827, 4.35519), (9.52113, 1.02663)]
            uniform float2 ui:position = (666, 380)
            uniform token ui:shape = "polygon"
            uniform float2 ui:size = (12, 12)
            uniform color4f ui:stroke = (0.12156863, 0.12156863, 0.12156863, 1)
            uniform color4f ui:valueColor = (0.92156863, 0.92156863, 0.92156863, 1)
        }

        def RigExecPickerButton "b_R_Mouth_x25" (
            customData = {
                dictionary blender = {
                    string[] controlNames = ["ACT-MouthCorner.R", "ACT-MouthCorner.L", "MSTR-Lip_Upper", "MSTR-Lip_Lower", "CTR-LipCorner.R", "CTR-LipCorner.L", "OuterLip_Lower2.L", "OuterLip_Lower2.R", "OuterLip_Upper2.L", "OuterLip_Upper2.R", "OuterLip_Lower1.R", "OuterLip_Lower1.L", "OuterLip_Upper1.L", "OuterLip_Upper1.R", "OuterLip_Lower", "OuterLip_Upper", "MSTR-Mouth"]
                }
            }
        )
        {
            uniform float ui:depth = 0.0542
            uniform color4f ui:fill = (0.8980392, 0.8980392, 0.8980392, 1)
            uniform float2[] ui:polygon = [(4.55047, 1), (4.55047, 4.43508), (1, 4.43508), (1, 8.66902), (4.49129, 8.66902), (4.49129, 12.6366), (9.16607, 12.5834), (9.17187, 8.77552), (12.8645, 8.66902), (12.8645, 4.46171), (9.42827, 4.35519), (9.52113, 1.02663)]
            uniform float2 ui:position = (607, 446)
            uniform token ui:shape = "polygon"
            uniform float2 ui:size = (12, 12)
            uniform color4f ui:stroke = (0.12156863, 0.12156863, 0.12156863, 1)
            uniform float ui:strokeWidth = 0
            uniform color4f ui:valueColor = (0.92156863, 0.92156863, 0.92156863, 1)
        }

        def RigExecPickerButton "d_selectButton417929"
        {
            uniform bool ui:alternate = 1
            uniform float ui:depth = 0.0542
            uniform color4f ui:fill = (0, 0, 0, 1)
            uniform float2 ui:position = (630, 518)
            uniform token ui:shape = "ellipse"
            uniform float2 ui:size = (5, 5)
            uniform color4f ui:stroke = (0.12156863, 0.12156863, 0.12156863, 0.5686275)
            uniform color4f ui:valueColor = (0.92156863, 0.92156863, 0.92156863, 1)
        }

        def RigExecPickerButton "b_L_BrowTense_x10" (
            customData = {
                dictionary blender = {
                    string[] controlNames = ["Eyebrow3.L", "Eyebrow1.L", "MSTR-Eyebrow.L"]
                }
            }
        )
        {
            custom rel rigExec:picker:mirror = </Template/Facial/b_R_BrowTense_x10>
            uniform float ui:depth = 0.0543
            uniform color4f ui:fill = (0.8980392, 0.8980392, 0.8980392, 1)
            uniform float2[] ui:polygon = [(4.55047, 1), (4.55047, 4.43508), (1, 4.43508), (1, 8.66902), (4.49129, 8.66902), (4.49129, 12.6366), (9.16607, 12.5834), (9.17187, 8.77552), (12.8645, 8.66902), (12.8645, 4.46171), (9.42827, 4.35519), (9.52113, 1.02663)]
            uniform float2 ui:position = (727, 82)
            uniform token ui:shape = "polygon"
            uniform float2 ui:size = (12, 12)
            uniform color4f ui:stroke = (0.12156863, 0.12156863, 0.12156863, 1)
            uniform float ui:strokeWidth = 0
            uniform color4f ui:valueColor = (0.92156863, 0.92156863, 0.92156863, 1)
        }

        def RigExecPickerButton "b_R_BrowTense_x10" (
            customData = {
                dictionary blender = {
                    string[] controlNames = ["Eyebrow3.R", "Eyebrow1.R", "MSTR-Eyebrow.R"]
                }
            }
        )
        {
            custom rel rigExec:picker:mirror = </Template/Facial/b_L_BrowTense_x10>
            uniform float ui:depth = 0.0543
            uniform color4f ui:fill = (0.8980392, 0.8980392, 0.8980392, 1)
            uniform float2[] ui:polygon = [(7.44953, 1), (7.44953, 4.43508), (11, 4.43508), (11, 8.66902), (7.50871, 8.66902), (7.50871, 12.6366), (2.83393, 12.5834), (2.82813, 8.77552), (-0.8645, 8.66902), (-0.8645, 4.46171), (2.57173, 4.35519), (2.47887, 1.02663)]
            uniform float2 ui:position = (488, 82)
            uniform token ui:shape = "polygon"
            uniform float2 ui:size = (12, 12)
            uniform color4f ui:stroke = (0.12156863, 0.12156863, 0.12156863, 1)
            uniform float ui:strokeWidth = 0
            uniform color4f ui:valueColor = (0.92156863, 0.92156863, 0.92156863, 1)
        }

        def RigExecPickerButton "b_M_HeadwireTop" (
            customData = {
                dictionary blender = {
                    bool unavailable = 1
                    string unsupportedReason = "No corresponding source control for this template slot"
                }
            }
        )
        {
            uniform float ui:depth = 0.0464
            uniform color4f ui:fill = (0.24, 0.24, 0.24, 0.35)
            uniform float2 ui:position = (653, 501)
            uniform token ui:shape = "ellipse"
            uniform float2 ui:size = (10, 15)
            uniform color4f ui:stroke = (0.12156863, 0.12156863, 0.12156863, 0.5686275)
            uniform float ui:strokeWidth = 1
        }

        def RigExecPickerButton "b_M_HeadwireMid" (
            customData = {
                dictionary blender = {
                    bool unavailable = 1
                    string unsupportedReason = "No corresponding source control for this template slot"
                }
            }
        )
        {
            uniform float ui:depth = 0.0464
            uniform color4f ui:fill = (0.24, 0.24, 0.24, 0.35)
            uniform float2 ui:position = (653, 527)
            uniform token ui:shape = "ellipse"
            uniform float2 ui:size = (10, 15)
            uniform color4f ui:stroke = (0.12156863, 0.12156863, 0.12156863, 0.5686275)
            uniform float ui:strokeWidth = 1
        }

        def RigExecPickerButton "b_M_HeadwireLow" (
            customData = {
                dictionary blender = {
                    bool unavailable = 1
                    string unsupportedReason = "No corresponding source control for this template slot"
                }
            }
        )
        {
            uniform float ui:depth = 0.0464
            uniform color4f ui:fill = (0.24, 0.24, 0.24, 0.35)
            uniform float2 ui:position = (653, 554)
            uniform token ui:shape = "ellipse"
            uniform float2 ui:size = (10, 15)
            uniform color4f ui:stroke = (0.12156863, 0.12156863, 0.12156863, 0.5686275)
            uniform float ui:strokeWidth = 1
        }
    }
}

